Index	Gene_name	Gene_list_index	Gene_list_name	Ensembl_gene_id	Ensembl_transcript_id	RefSeq_mRNA_id	HGNC_symbol	Alias	Info
1	LOC100048556	2_astrocytes_dex_down	michor-cells-dex						DOWN, ttest: 1.85194433509965e-08
2	Lrrn3	2_astrocytes_dex_down	michor-cells-dex	ENSMUSG00000036295	ENSMUST00000043884	NM_010733|NM_001271709|NM_001271708	LRRN3		DOWN, ttest: 4.07767991316628e-08
3	Evi2a	2_astrocytes_dex_down	michor-cells-dex	ENSMUSG00000078771	ENSMUST00000154415|ENSMUST00000103236|ENSMUST00000133148|ENSMUST00000146611	NM_001033711|NM_010161	EVI2A		DOWN, ttest: 5.38325671163772e-08
4	Edg5	2_astrocytes_dex_down	michor-cells-dex	ENSMUSG00000043895	ENSMUST00000214333|ENSMUST00000214218|ENSMUST00000216499|ENSMUST00000054197	NM_010333	S1PR2		DOWN, ttest: 9.77520185725743e-08
5	Lmcd1	2_astrocytes_dex_down	michor-cells-dex	ENSMUSG00000057604	ENSMUST00000032376	NM_144799	LMCD1		DOWN, ttest: 1.81587649656781e-07
6	Sstr2	2_astrocytes_dex_down	michor-cells-dex	ENSMUSG00000047904	ENSMUST00000146390|ENSMUST00000067591|ENSMUST00000106630	NM_001042606|NM_009217	SSTR2		DOWN, ttest: 1.93338329100006e-07
7	Tnfrsf11b	2_astrocytes_dex_down	michor-cells-dex	ENSMUSG00000063727	ENSMUST00000079772	NM_008764	TNFRSF11B		DOWN, ttest: 2.16684452298767e-07
8	2810459M11Rik	2_astrocytes_dex_down	michor-cells-dex	ENSMUSG00000026227	ENSMUST00000165824|ENSMUST00000027429	NM_001144992|NM_001144993	C2orf72		DOWN, ttest: 2.26613485872815e-07
9	C530044C16Rik	2_astrocytes_dex_down	michor-cells-dex	ENSMUSG00000107667	ENSMUST00000204275|ENSMUST00000205217				DOWN, ttest: 9.27341317685249e-07
10	Wnt7a	2_astrocytes_dex_down	michor-cells-dex	ENSMUSG00000030093	ENSMUST00000032180|ENSMUST00000132936|ENSMUST00000133092	NM_009527|NM_001363757	WNT7A		DOWN, ttest: 9.59769091144812e-07
11	Nfic	2_astrocytes_dex_down	michor-cells-dex	ENSMUSG00000055053	ENSMUST00000221817|ENSMUST00000078185|ENSMUST00000105321|ENSMUST00000117966|ENSMUST00000140916|ENSMUST00000020461|ENSMUST00000152670	NM_008688|NM_026756	NFIC		DOWN, ttest: 1.21327092443529e-06
12	LOC100045343	2_astrocytes_dex_down	michor-cells-dex						DOWN, ttest: 1.24068338350802e-06
13	Phlda1	2_astrocytes_dex_down	michor-cells-dex	ENSMUSG00000020205	ENSMUST00000164773|ENSMUST00000186359	NM_009344	PHLDA1		DOWN, ttest: 1.24699110466992e-06
14	Gpr84	2_astrocytes_dex_down	michor-cells-dex	ENSMUSG00000063234	ENSMUST00000079824	NM_030720			DOWN, ttest: 1.48060567609998e-06
15	Gpr123	2_astrocytes_dex_down	michor-cells-dex	ENSMUSG00000025475	ENSMUST00000137584|ENSMUST00000026548|ENSMUST00000129454	NM_177469	ADGRA1		DOWN, ttest: 1.52995313049887e-06
16	Dbp	2_astrocytes_dex_down	michor-cells-dex	ENSMUSG00000059824	ENSMUST00000211748|ENSMUST00000210120|ENSMUST00000211513|ENSMUST00000080885|ENSMUST00000211357	NM_016974	DBP		DOWN, ttest: 1.89252093324239e-06
17	Sox21	2_astrocytes_dex_down	michor-cells-dex	ENSMUSG00000061517	ENSMUST00000170662	NM_177753	SOX21		DOWN, ttest: 1.9189635323379e-06
18	Tmem100	2_astrocytes_dex_down	michor-cells-dex	ENSMUSG00000069763	ENSMUST00000092788	NM_026433	TMEM100		DOWN, ttest: 2.04480408042182e-06
19	Kcna6	2_astrocytes_dex_down	michor-cells-dex	ENSMUSG00000038077	ENSMUST00000185333|ENSMUST00000112242|ENSMUST00000128137|ENSMUST00000040751	NM_013568|NM_001410075|NM_001410072	KCNA6		DOWN, ttest: 2.08640667432312e-06
20	LOC100048436	2_astrocytes_dex_down	michor-cells-dex						DOWN, ttest: 2.15758482285617e-06
21	Pdzrn3	2_astrocytes_dex_down	michor-cells-dex	ENSMUSG00000035357	ENSMUST00000239140|ENSMUST00000144505|ENSMUST00000124884|ENSMUST00000075994|ENSMUST00000151175	NM_018884	PDZRN3		DOWN, ttest: 2.24417728602759e-06
22	Egr2	2_astrocytes_dex_down	michor-cells-dex	ENSMUSG00000037868	ENSMUST00000145936|ENSMUST00000145754|ENSMUST00000105438|ENSMUST00000146986|ENSMUST00000130933|ENSMUST00000048289|ENSMUST00000127820	NM_001373986|NM_001373987|NM_010118|NM_001373985|NM_001373983|NM_001347458	EGR2		DOWN, ttest: 2.30586912196608e-06
23	Cdc42ep2	2_astrocytes_dex_down	michor-cells-dex	ENSMUSG00000045664	ENSMUST00000055458	NM_026772	CDC42EP2		DOWN, ttest: 2.76538054079693e-06
24	Ddit4l	2_astrocytes_dex_down	michor-cells-dex	ENSMUSG00000046818	ENSMUST00000167564|ENSMUST00000053855|ENSMUST00000165845	NM_030143	DDIT4L		DOWN, ttest: 3.0294653077785e-06
25	Itga2	2_astrocytes_dex_down	michor-cells-dex	ENSMUSG00000015533	ENSMUST00000056117|ENSMUST00000224204	NM_008396	ITGA2		DOWN, ttest: 3.0644963803612e-06
26	Asphd2	2_astrocytes_dex_down	michor-cells-dex	ENSMUSG00000029348	ENSMUST00000196256|ENSMUST00000198357|ENSMUST00000199095|ENSMUST00000199906|ENSMUST00000197585|ENSMUST00000031291|ENSMUST00000200227	NM_001357015|NM_001357011|NM_001357013|NM_028386|NM_001357014|NM_001357012	ASPHD2		DOWN, ttest: 3.1432733486692e-06
27	Rab32	2_astrocytes_dex_down	michor-cells-dex	ENSMUSG00000019832	ENSMUST00000019974|ENSMUST00000220018	NM_026405			DOWN, ttest: 3.22225477880598e-06
28	Ccl3	2_astrocytes_dex_down	michor-cells-dex	ENSMUSG00000000982	ENSMUST00000001008	NM_011337	CCL3L1		DOWN, ttest: 3.3742847659518e-06
29	Sertad4	2_astrocytes_dex_down	michor-cells-dex	ENSMUSG00000016262	ENSMUST00000125391|ENSMUST00000016406|ENSMUST00000155503|ENSMUST00000155579	NM_001177794|NM_198247	SERTAD4		DOWN, ttest: 3.59446860327817e-06
30	Asb2	2_astrocytes_dex_down	michor-cells-dex	ENSMUSG00000021200	ENSMUST00000127447|ENSMUST00000149431|ENSMUST00000021617|ENSMUST00000135694	NM_001374764|NM_023049	ASB2		DOWN, ttest: 4.06502556550464e-06
31	Hey1	2_astrocytes_dex_down	michor-cells-dex	ENSMUSG00000040289	ENSMUST00000192102|ENSMUST00000042412|ENSMUST00000194299|ENSMUST00000192550	NM_010423	HEY1		DOWN, ttest: 5.16651374818382e-06
32	Fam102a	2_astrocytes_dex_down	michor-cells-dex	ENSMUSG00000039157	ENSMUST00000048375|ENSMUST00000147723|ENSMUST00000133366|ENSMUST00000133512|ENSMUST00000136816	NM_153560	FAM102A		DOWN, ttest: 5.2446257293632e-06
33	LOC100048556	2_astrocytes_dex_down	michor-cells-dex						DOWN, ttest: 5.46415256639841e-06
34	Ccl4	2_astrocytes_dex_down	michor-cells-dex	ENSMUSG00000018930	ENSMUST00000019074	NM_013652	CCL4L2		DOWN, ttest: 5.54133217450565e-06
35	Lhfpl2	2_astrocytes_dex_down	michor-cells-dex	ENSMUSG00000045312	ENSMUST00000054274|ENSMUST00000131595|ENSMUST00000121618|ENSMUST00000221096|ENSMUST00000144838|ENSMUST00000120051|ENSMUST00000118195|ENSMUST00000223423|ENSMUST00000156071	NM_172589	LHFPL2		DOWN, ttest: 5.752222772842299e-06
36	Gpr84	2_astrocytes_dex_down	michor-cells-dex	ENSMUSG00000063234	ENSMUST00000079824	NM_030720			DOWN, ttest: 6.12810510894693e-06
37	Ch25h	2_astrocytes_dex_down	michor-cells-dex	ENSMUSG00000050370	ENSMUST00000050562	NM_009890	CH25H		DOWN, ttest: 6.25885703734312e-06
38	EG328314	2_astrocytes_dex_down	michor-cells-dex						DOWN, ttest: 6.37471529765522e-06
39	Ccl4	2_astrocytes_dex_down	michor-cells-dex	ENSMUSG00000018930	ENSMUST00000019074	NM_013652	CCL4L2		DOWN, ttest: 6.58119621407944e-06
40	Cdc42ep4	2_astrocytes_dex_down	michor-cells-dex	ENSMUSG00000041598	ENSMUST00000153453|ENSMUST00000106616|ENSMUST00000053536|ENSMUST00000131488	NM_001163346|NM_020006	CDC42EP4		DOWN, ttest: 6.633181989438149e-06
41	Ptpre	2_astrocytes_dex_down	michor-cells-dex	ENSMUSG00000041836	ENSMUST00000211140|ENSMUST00000209268|ENSMUST00000211788|ENSMUST00000211092|ENSMUST00000209256|ENSMUST00000210833|ENSMUST00000073961|ENSMUST00000209979	NM_001316681|NM_011212|NM_001316678|NM_001316680|NM_001316679	PTPRE		DOWN, ttest: 7.54557559587262e-06
42	Tle1	2_astrocytes_dex_down	michor-cells-dex	ENSMUSG00000008305	ENSMUST00000132550|ENSMUST00000137075|ENSMUST00000074216|ENSMUST00000123259|ENSMUST00000134225|ENSMUST00000072695|ENSMUST00000030095|ENSMUST00000140154|ENSMUST00000102848|ENSMUST00000107337	NM_001285532|NM_011599|NM_001285530|NM_001285531|NM_001285529	TLE1		DOWN, ttest: 7.790064259992769e-06
43	6330505N24Rik	2_astrocytes_dex_down	michor-cells-dex	ENSMUSG00000041842	ENSMUST00000194027|ENSMUST00000125643|ENSMUST00000091002|ENSMUST00000131065|ENSMUST00000107689	NM_001033301|NM_001205355	FHDC1		DOWN, ttest: 8.173586381068658e-06
44	Gal3st1	2_astrocytes_dex_down	michor-cells-dex	ENSMUSG00000049721	ENSMUST00000063004|ENSMUST00000078757|ENSMUST00000109981	NM_001382291|NM_001382290|NM_001177691|NM_016922|NM_001177703	GAL3ST1		DOWN, ttest: 8.3342685452468e-06
45	Zfp710	2_astrocytes_dex_down	michor-cells-dex	ENSMUSG00000048897	ENSMUST00000166250|ENSMUST00000164056|ENSMUST00000049680|ENSMUST00000206104|ENSMUST00000206039	NM_175433|NM_001145999|NM_001146000			DOWN, ttest: 9.91872207632873e-06
46	5430427O19Rik	2_astrocytes_dex_down	michor-cells-dex	ENSMUSG00000025058	ENSMUST00000113976	NM_001163539	TASL		DOWN, ttest: 1.01993838581054e-05
47	Fjx1	2_astrocytes_dex_down	michor-cells-dex	ENSMUSG00000075012	ENSMUST00000099678	NM_010218	FJX1		DOWN, ttest: 1.02037418707415e-05
48	Ccr5	2_astrocytes_dex_down	michor-cells-dex	ENSMUSG00000079227	ENSMUST00000171579|ENSMUST00000171499|ENSMUST00000169553|ENSMUST00000168179|ENSMUST00000097855|ENSMUST00000111442	NM_009917	CCR2		DOWN, ttest: 1.15534926909852e-05
49	A930008A22Rik	2_astrocytes_dex_down	michor-cells-dex	ENSMUSG00000040111	ENSMUST00000129940|ENSMUST00000165104|ENSMUST00000148170|ENSMUST00000137454|ENSMUST00000121357|ENSMUST00000119373|ENSMUST00000211853|ENSMUST00000155265|ENSMUST00000118159|ENSMUST00000216821|ENSMUST00000239052|ENSMUST00000150977|ENSMUST00000153029|ENSMUST00000045682|ENSMUST00000137189	NM_001357617|NM_001357618|NM_001357621|NM_001357619|NM_001357622|NM_001357623|NM_001357620|NM_172768	GRAMD1B		DOWN, ttest: 1.22733554089823e-05
50	BC046404	2_astrocytes_dex_down	michor-cells-dex	ENSMUSG00000046417	ENSMUST00000128705|ENSMUST00000057194|ENSMUST00000143262	NM_001357955|NM_198861	LRRC75A		DOWN, ttest: 1.43004706370604e-05
51	Pdlim4	2_astrocytes_dex_down	michor-cells-dex	ENSMUSG00000020388	ENSMUST00000151948|ENSMUST00000127271|ENSMUST00000093109|ENSMUST00000144477|ENSMUST00000018755	NM_019417	PDLIM4		DOWN, ttest: 1.51557850466786e-05
52	Il1b	2_astrocytes_dex_down	michor-cells-dex	ENSMUSG00000027398	ENSMUST00000141979|ENSMUST00000028881|ENSMUST00000155994	NM_008361	IL1B		DOWN, ttest: 1.54102451096412e-05
53	LOC100048721	2_astrocytes_dex_down	michor-cells-dex						DOWN, ttest: 1.57392043800264e-05
54	Sema6d	2_astrocytes_dex_down	michor-cells-dex	ENSMUSG00000027200	ENSMUST00000132088|ENSMUST00000103241|ENSMUST00000051419|ENSMUST00000076335|ENSMUST00000103239|ENSMUST00000103240|ENSMUST00000151199|ENSMUST00000103238|ENSMUST00000137172|ENSMUST00000077847|ENSMUST00000078621	NM_172537|NM_199241|NM_001407285|NM_199240|NM_001291000|NM_199238|NM_199239|NM_001290997	SEMA6D		DOWN, ttest: 1.58780241957541e-05
55	Cx3cr1	2_astrocytes_dex_down	michor-cells-dex	ENSMUSG00000052336	ENSMUST00000064165|ENSMUST00000215016|ENSMUST00000177637	NM_009987	CX3CR1		DOWN, ttest: 1.64744612312085e-05
56	Wdr21	2_astrocytes_dex_down	michor-cells-dex	ENSMUSG00000021222	ENSMUST00000222833|ENSMUST00000021645|ENSMUST00000222607|ENSMUST00000222502|ENSMUST00000222725|ENSMUST00000221769|ENSMUST00000223291|ENSMUST00000221944	NM_001165256|NM_030246	DCAF4		DOWN, ttest: 1.78728915661575e-05
57	Nme4	2_astrocytes_dex_down	michor-cells-dex	ENSMUSG00000024177	ENSMUST00000235157|ENSMUST00000025007|ENSMUST00000236547|ENSMUST00000150280|ENSMUST00000236112|ENSMUST00000236967|ENSMUST00000236128	NM_019731	NME4		DOWN, ttest: 2.05295303851661e-05
58	Igh-6	2_astrocytes_dex_down	michor-cells-dex						DOWN, ttest: 2.08038111088678e-05
59	Fam13c	2_astrocytes_dex_down	michor-cells-dex	ENSMUSG00000043259	ENSMUST00000105436|ENSMUST00000219514|ENSMUST00000173042|ENSMUST00000218542|ENSMUST00000220159|ENSMUST00000062883|ENSMUST00000220442	NM_001143777|NM_001143776|NM_024244|NM_001359551	FAM13C		DOWN, ttest: 2.09217064529675e-05
60	Syn2	2_astrocytes_dex_down	michor-cells-dex	ENSMUSG00000009394	ENSMUST00000203450|ENSMUST00000203707|ENSMUST00000203768|ENSMUST00000204617|ENSMUST00000009538|ENSMUST00000204726|ENSMUST00000169345	NM_001326560|NM_013681|NM_001111015	SYN2		DOWN, ttest: 2.10271113540127e-05
61	Lbh	2_astrocytes_dex_down	michor-cells-dex	ENSMUSG00000024063	ENSMUST00000024857|ENSMUST00000148556	NM_029999	LBH		DOWN, ttest: 2.17967247855687e-05
62	Enc1	2_astrocytes_dex_down	michor-cells-dex	ENSMUSG00000041773	ENSMUST00000041623	NM_007930	ENC1		DOWN, ttest: 2.24730749999932e-05
63	Pik3ap1	2_astrocytes_dex_down	michor-cells-dex	ENSMUSG00000025017	ENSMUST00000235978|ENSMUST00000059672	NM_031376	PIK3AP1		DOWN, ttest: 2.26502907237346e-05
64	Arl4c	2_astrocytes_dex_down	michor-cells-dex	ENSMUSG00000049866	ENSMUST00000159814|ENSMUST00000051236|ENSMUST00000187810	NM_177305	ARL4C		DOWN, ttest: 2.44098509310149e-05
65	Rell1	2_astrocytes_dex_down	michor-cells-dex	ENSMUSG00000047881	ENSMUST00000127314|ENSMUST00000128967|ENSMUST00000154532|ENSMUST00000087327|ENSMUST00000154169	NM_145923	RELL1		DOWN, ttest: 2.47035437547746e-05
66	Mfap3l	2_astrocytes_dex_down	michor-cells-dex	ENSMUSG00000031647	ENSMUST00000161702|ENSMUST00000161421|ENSMUST00000034066|ENSMUST00000160719	NM_001177882|NM_001293769|NM_027756|NM_001177881	MFAP3L		DOWN, ttest: 2.54120096242034e-05
67	Litaf	2_astrocytes_dex_down	michor-cells-dex	ENSMUSG00000022500	ENSMUST00000117360|ENSMUST00000162323|ENSMUST00000023143|ENSMUST00000230709|ENSMUST00000140170	NM_019980	LITAF		DOWN, ttest: 2.54940205572523e-05
68	Traf1	2_astrocytes_dex_down	michor-cells-dex	ENSMUSG00000026875	ENSMUST00000201690|ENSMUST00000156479|ENSMUST00000129131|ENSMUST00000201335|ENSMUST00000113064|ENSMUST00000135870|ENSMUST00000028234|ENSMUST00000172159|ENSMUST00000141238	NM_001326601|NM_009421	TRAF1		DOWN, ttest: 2.76387526945397e-05
69	Gpr109a	2_astrocytes_dex_down	michor-cells-dex	ENSMUSG00000045502	ENSMUST00000057145	NM_030701	HCAR2		DOWN, ttest: 2.8242633330596e-05
70	Rgs4	2_astrocytes_dex_down	michor-cells-dex	ENSMUSG00000038530	ENSMUST00000132567|ENSMUST00000111357|ENSMUST00000027991	NM_009062	RGS4		DOWN, ttest: 3.0132146131362e-05
71	Ak3l1	2_astrocytes_dex_down	michor-cells-dex	ENSMUSG00000028527	ENSMUST00000106945|ENSMUST00000102780|ENSMUST00000133055|ENSMUST00000155749|ENSMUST00000106946|ENSMUST00000131397|ENSMUST00000151561	NM_009647|NM_001177602|NM_001177605|NM_001177604	AK4		DOWN, ttest: 3.236054319970871e-05
72	2600011E07Rik	2_astrocytes_dex_down	michor-cells-dex	ENSMUSG00000021986	ENSMUST00000225247|ENSMUST00000239079|ENSMUST00000224957|ENSMUST00000022561	NM_001368677|NM_001164705|NM_028113	AMER2		DOWN, ttest: 3.38657848127237e-05
73	Lmcd1	2_astrocytes_dex_down	michor-cells-dex	ENSMUSG00000057604	ENSMUST00000032376	NM_144799	LMCD1		DOWN, ttest: 3.44650734201095e-05
74	Tlr2	2_astrocytes_dex_down	michor-cells-dex	ENSMUSG00000027995	ENSMUST00000029623	NM_011905	TLR2		DOWN, ttest: 3.76100247546055e-05
75	Lmcd1	2_astrocytes_dex_down	michor-cells-dex	ENSMUSG00000057604	ENSMUST00000032376	NM_144799	LMCD1		DOWN, ttest: 3.97503373898491e-05
76	Ccdc88c	2_astrocytes_dex_down	michor-cells-dex	ENSMUSG00000021182	ENSMUST00000223235|ENSMUST00000223416|ENSMUST00000233416|ENSMUST00000223509|ENSMUST00000068411|ENSMUST00000085096|ENSMUST00000222204|ENSMUST00000223097	NM_026681|NM_001362342	CCDC88C		DOWN, ttest: 4.10958808270322e-05
77	Mmp11	2_astrocytes_dex_down	michor-cells-dex	ENSMUSG00000000901	ENSMUST00000132869|ENSMUST00000219728|ENSMUST00000133897|ENSMUST00000120281|ENSMUST00000000924|ENSMUST00000152222	NM_001306184|NM_008606	MMP11		DOWN, ttest: 4.16698411707408e-05
78	Ptx3	2_astrocytes_dex_down	michor-cells-dex	ENSMUSG00000027832	ENSMUST00000029421|ENSMUST00000182521	NM_008987	PTX3		DOWN, ttest: 4.1776695498595e-05
79	scl0015365.1_6	2_astrocytes_dex_down	michor-cells-dex						DOWN, ttest: 4.2235073563305e-05
80	BC020108	2_astrocytes_dex_down	michor-cells-dex						DOWN, ttest: 4.23205602532625e-05
81	Slc15a3	2_astrocytes_dex_down	michor-cells-dex	ENSMUSG00000024737	ENSMUST00000138380|ENSMUST00000131010|ENSMUST00000138263|ENSMUST00000025646	NM_023044	SLC15A3		DOWN, ttest: 4.29264419916547e-05
82	Tmem86a	2_astrocytes_dex_down	michor-cells-dex	ENSMUSG00000010307	ENSMUST00000211066|ENSMUST00000010451	NM_026436	TMEM86A		DOWN, ttest: 4.4538349814214e-05
83	Wnt5a	2_astrocytes_dex_down	michor-cells-dex	ENSMUSG00000021994	ENSMUST00000112272|ENSMUST00000146192|ENSMUST00000063465|ENSMUST00000134766|ENSMUST00000134163|ENSMUST00000151929	NM_009524|NM_001256224	WNT5A		DOWN, ttest: 4.5375972057688e-05
84	Tmem22	2_astrocytes_dex_down	michor-cells-dex	ENSMUSG00000070287	ENSMUST00000189478|ENSMUST00000093792	NM_001101483	SLC35G2		DOWN, ttest: 4.555838204918871e-05
85	Cxcl10	2_astrocytes_dex_down	michor-cells-dex	ENSMUSG00000034855	ENSMUST00000138169|ENSMUST00000201176|ENSMUST00000118006|ENSMUST00000038816	NM_021274	CXCL10		DOWN, ttest: 4.60003649195569e-05
86	Epb4.1l4a	2_astrocytes_dex_down	michor-cells-dex	ENSMUSG00000024376	ENSMUST00000237971|ENSMUST00000235242|ENSMUST00000235876|ENSMUST00000025234|ENSMUST00000235393|ENSMUST00000236716|ENSMUST00000236514	NM_013512	EPB41L4A		DOWN, ttest: 4.60023841117434e-05
87	Reck	2_astrocytes_dex_down	michor-cells-dex	ENSMUSG00000028476	ENSMUST00000030198|ENSMUST00000128463|ENSMUST00000130415	NM_016678	RECK		DOWN, ttest: 4.903155785190111e-05
88	Fadd	2_astrocytes_dex_down	michor-cells-dex	ENSMUSG00000031077	ENSMUST00000033394	NM_010175	FADD		DOWN, ttest: 4.91358800963101e-05
89	Ptpn6	2_astrocytes_dex_down	michor-cells-dex	ENSMUSG00000004266	ENSMUST00000173315|ENSMUST00000173647|ENSMUST00000004377|ENSMUST00000173228|ENSMUST00000174265|ENSMUST00000171549|ENSMUST00000172613|ENSMUST00000112484|ENSMUST00000172690|ENSMUST00000174787|ENSMUST00000172770	NM_013545|NM_001077705	PTPN6		DOWN, ttest: 4.97778310076612e-05
90	Ccr5	2_astrocytes_dex_down	michor-cells-dex	ENSMUSG00000079227	ENSMUST00000171579|ENSMUST00000171499|ENSMUST00000169553|ENSMUST00000168179|ENSMUST00000097855|ENSMUST00000111442	NM_009917	CCR2		DOWN, ttest: 5.362871302350621e-05
91	Dab2ip	2_astrocytes_dex_down	michor-cells-dex	ENSMUSG00000026883	ENSMUST00000112992|ENSMUST00000156465|ENSMUST00000112983|ENSMUST00000112986|ENSMUST00000065001|ENSMUST00000091010|ENSMUST00000112987|ENSMUST00000124098|ENSMUST00000112981|ENSMUST00000138957|ENSMUST00000135741|ENSMUST00000156669|ENSMUST00000145698	NM_001290640|NM_001114124|NM_001290637|NM_001114125|NM_001001602|NM_001290641|NM_001290639	DAB2IP		DOWN, ttest: 5.420523593118281e-05
92	Nav1	2_astrocytes_dex_down	michor-cells-dex	ENSMUSG00000009418	ENSMUST00000112103|ENSMUST00000189362|ENSMUST00000187311|ENSMUST00000067414|ENSMUST00000190735|ENSMUST00000190130|ENSMUST00000189252|ENSMUST00000040599|ENSMUST00000190298	NM_173437	NAV1		DOWN, ttest: 5.496999376604241e-05
93	Mtap	2_astrocytes_dex_down	michor-cells-dex	ENSMUSG00000062937	ENSMUST00000058030|ENSMUST00000204571	NM_024433	MTAP		DOWN, ttest: 5.64834574058486e-05
94	Rasl11b	2_astrocytes_dex_down	michor-cells-dex	ENSMUSG00000049907	ENSMUST00000183995|ENSMUST00000201837|ENSMUST00000051937	NM_026878	RASL11B		DOWN, ttest: 5.69757991111765e-05
95	Runx1t1	2_astrocytes_dex_down	michor-cells-dex	ENSMUSG00000006586	ENSMUST00000098256|ENSMUST00000006761|ENSMUST00000150583|ENSMUST00000139736|ENSMUST00000098257|ENSMUST00000105566	NM_009822|NM_001111027|NM_001111026	RUNX1T1		DOWN, ttest: 5.801195314835591e-05
96	Micall2	2_astrocytes_dex_down	michor-cells-dex	ENSMUSG00000036718	ENSMUST00000165645|ENSMUST00000164584|ENSMUST00000044642|ENSMUST00000170773	NM_174850	MICALL2		DOWN, ttest: 5.84103782091615e-05
97	Syt9	2_astrocytes_dex_down	michor-cells-dex	ENSMUSG00000062542	ENSMUST00000127444|ENSMUST00000137663|ENSMUST00000073459|ENSMUST00000144003|ENSMUST00000130414	NM_021889	SYT9		DOWN, ttest: 5.933650995802571e-05
98	6330404C01Rik	2_astrocytes_dex_down	michor-cells-dex	ENSMUSG00000052353	ENSMUST00000150495|ENSMUST00000142518|ENSMUST00000147578|ENSMUST00000064174|ENSMUST00000145171	NM_030728	CEMIP		DOWN, ttest: 6.35306429953417e-05
99	Arhgef19	2_astrocytes_dex_down	michor-cells-dex	ENSMUSG00000028919	ENSMUST00000140536|ENSMUST00000147903|ENSMUST00000141834|ENSMUST00000184162|ENSMUST00000125392|ENSMUST00000006618|ENSMUST00000135623|ENSMUST00000138096	NM_001379647|NM_001379652|NM_172520	ARHGEF19		DOWN, ttest: 6.67050794094068e-05
100	Igh-6	2_astrocytes_dex_down	michor-cells-dex						DOWN, ttest: 6.71879643361299e-05
101	Tnf	2_astrocytes_dex_down	michor-cells-dex	ENSMUSG00000024401	ENSMUST00000167924|ENSMUST00000025263	NM_013693|NM_001278601	TNF		DOWN, ttest: 6.76416951344564e-05
102	Trib2	2_astrocytes_dex_down	michor-cells-dex	ENSMUSG00000020601	ENSMUST00000221215|ENSMUST00000221518|ENSMUST00000020922|ENSMUST00000151100	NM_144551	TRIB2		DOWN, ttest: 6.847638008486431e-05
103	Vgll4	2_astrocytes_dex_down	michor-cells-dex	ENSMUSG00000030315	ENSMUST00000032459|ENSMUST00000147639|ENSMUST00000152710|ENSMUST00000204693|ENSMUST00000123478|ENSMUST00000155620|ENSMUST00000139640	NM_001356371|NM_177683	VGLL4		DOWN, ttest: 6.886787409178522e-05
104	P2ry13	2_astrocytes_dex_down	michor-cells-dex	ENSMUSG00000036362	ENSMUST00000040622	NM_028808	P2RY13		DOWN, ttest: 7.1045798995329e-05
105	Cd83	2_astrocytes_dex_down	michor-cells-dex	ENSMUSG00000015396	ENSMUST00000221359|ENSMUST00000015540	NM_009856|NM_001289915	CD83		DOWN, ttest: 7.67745830595146e-05
106	1700084C01Rik	2_astrocytes_dex_down	michor-cells-dex	ENSMUSG00000070532	ENSMUST00000094348|ENSMUST00000175731	NM_001347138|NM_001033185	CCDC190		DOWN, ttest: 7.68461143213892e-05
107	Lmo2	2_astrocytes_dex_down	michor-cells-dex	ENSMUSG00000032698	ENSMUST00000111139|ENSMUST00000111140|ENSMUST00000133210|ENSMUST00000138815|ENSMUST00000111143|ENSMUST00000170926|ENSMUST00000156813|ENSMUST00000123437	NM_001142336|NM_001142337|NM_001142335|NM_008505	LMO2		DOWN, ttest: 7.70166991969687e-05
108	Pik3r3	2_astrocytes_dex_down	michor-cells-dex	ENSMUSG00000028698	ENSMUST00000147292|ENSMUST00000030464|ENSMUST00000106490	NM_001355586|NM_181585|NM_001355584|NM_001355585	PIK3R3		DOWN, ttest: 7.85596825325618e-05
109	Centd3	2_astrocytes_dex_down	michor-cells-dex	ENSMUSG00000024451	ENSMUST00000237188|ENSMUST00000237677|ENSMUST00000236772|ENSMUST00000237272|ENSMUST00000236534|ENSMUST00000236588|ENSMUST00000042944|ENSMUST00000236134|ENSMUST00000235391	NM_001205336|NM_139206	ARAP3		DOWN, ttest: 7.86465892907075e-05
110	Elovl6	2_astrocytes_dex_down	michor-cells-dex	ENSMUSG00000041220	ENSMUST00000199910|ENSMUST00000198369|ENSMUST00000197070|ENSMUST00000197235|ENSMUST00000071402	NM_130450	ELOVL6		DOWN, ttest: 8.56060306203267e-05
111	Ebi2	2_astrocytes_dex_down	michor-cells-dex	ENSMUSG00000051212	ENSMUST00000049872|ENSMUST00000227267	NM_183031	GPR183		DOWN, ttest: 8.678222064353102e-05
112	Csf1	2_astrocytes_dex_down	michor-cells-dex	ENSMUSG00000014599	ENSMUST00000120243|ENSMUST00000156820|ENSMUST00000120654|ENSMUST00000153114|ENSMUST00000118593|ENSMUST00000014743|ENSMUST00000155557	NM_001113529|NM_001113530|NM_007778	CSF1		DOWN, ttest: 9.126560155868182e-05
113	A830073O21Rik	2_astrocytes_dex_down	michor-cells-dex	ENSMUSG00000091890	ENSMUST00000169090|ENSMUST00000205693				DOWN, ttest: 9.17409379942585e-05
114	Osm	2_astrocytes_dex_down	michor-cells-dex	ENSMUSG00000058755	ENSMUST00000131764|ENSMUST00000075221	NM_001013365	OSM		DOWN, ttest: 9.1784407335212e-05
115	Fhod1	2_astrocytes_dex_down	michor-cells-dex	ENSMUSG00000014778	ENSMUST00000132777|ENSMUST00000136439|ENSMUST00000014922|ENSMUST00000134837	NM_177699	FHOD1		DOWN, ttest: 9.276114391892722e-05
116	Tnf	2_astrocytes_dex_down	michor-cells-dex	ENSMUSG00000024401	ENSMUST00000167924|ENSMUST00000025263	NM_013693|NM_001278601	TNF		DOWN, ttest: 9.87367053456981e-05
117	1700038P13Rik	2_astrocytes_dex_down	michor-cells-dex						DOWN, ttest: 9.93703487747219e-05
118	Ets2	2_astrocytes_dex_down	michor-cells-dex	ENSMUSG00000022895	ENSMUST00000233499|ENSMUST00000233550|ENSMUST00000233908|ENSMUST00000023612|ENSMUST00000232792|ENSMUST00000233578	NM_011809	ETS2		DOWN, ttest: 0.000100126812445928
119	Plk3	2_astrocytes_dex_down	michor-cells-dex	ENSMUSG00000028680	ENSMUST00000147730|ENSMUST00000076859|ENSMUST00000126135	NM_013807|NM_001313916	PLK3		DOWN, ttest: 0.000100573671886447
120	Arl4c	2_astrocytes_dex_down	michor-cells-dex	ENSMUSG00000049866	ENSMUST00000159814|ENSMUST00000051236|ENSMUST00000187810	NM_177305	ARL4C		DOWN, ttest: 0.000101835820660532
121	Klhl25	2_astrocytes_dex_down	michor-cells-dex	ENSMUSG00000055652	ENSMUST00000206019|ENSMUST00000205612|ENSMUST00000205887|ENSMUST00000171155|ENSMUST00000206418|ENSMUST00000092073	NM_182782|NM_029652|NM_001122780	KLHL25		DOWN, ttest: 0.000108884273104193
122	2810003C17Rik	2_astrocytes_dex_down	michor-cells-dex	ENSMUSG00000001864	ENSMUST00000001920|ENSMUST00000148056|ENSMUST00000128271|ENSMUST00000138833|ENSMUST00000156743|ENSMUST00000151276|ENSMUST00000145137|ENSMUST00000140649|ENSMUST00000125457|ENSMUST00000156564	NM_145144	AIF1L		DOWN, ttest: 0.000109178425129328
123	Cd180	2_astrocytes_dex_down	michor-cells-dex	ENSMUSG00000021624	ENSMUST00000170878|ENSMUST00000022124|ENSMUST00000171267|ENSMUST00000167144|ENSMUST00000172138	NM_008533|NM_001360519	CD180		DOWN, ttest: 0.000111707866595149
124	Nme4	2_astrocytes_dex_down	michor-cells-dex	ENSMUSG00000024177	ENSMUST00000235157|ENSMUST00000025007|ENSMUST00000236547|ENSMUST00000150280|ENSMUST00000236112|ENSMUST00000236967|ENSMUST00000236128	NM_019731	NME4		DOWN, ttest: 0.000115029658337119
125	Ptx3	2_astrocytes_dex_down	michor-cells-dex	ENSMUSG00000027832	ENSMUST00000029421|ENSMUST00000182521	NM_008987	PTX3		DOWN, ttest: 0.000123801438545836
126	Lbh	2_astrocytes_dex_down	michor-cells-dex	ENSMUSG00000024063	ENSMUST00000024857|ENSMUST00000148556	NM_029999	LBH		DOWN, ttest: 0.000124199869486631
127	Bin1	2_astrocytes_dex_down	michor-cells-dex	ENSMUSG00000024381	ENSMUST00000025239|ENSMUST00000234024|ENSMUST00000234373|ENSMUST00000091967|ENSMUST00000234496|ENSMUST00000234857	NM_001083334|NM_001360876|NM_009668	BIN1		DOWN, ttest: 0.000124963909520926
128	Prr7	2_astrocytes_dex_down	michor-cells-dex	ENSMUSG00000034686	ENSMUST00000046533	NM_001030296	PRR7		DOWN, ttest: 0.00012615608757275
129	BB146404	2_astrocytes_dex_down	michor-cells-dex						DOWN, ttest: 0.000141697724813479
130	Clecsf12	2_astrocytes_dex_down	michor-cells-dex	ENSMUSG00000079293	ENSMUST00000184861|ENSMUST00000195589|ENSMUST00000184581	NM_001309637	CLEC7A		DOWN, ttest: 0.000143268634822784
131	Elk3	2_astrocytes_dex_down	michor-cells-dex	ENSMUSG00000008398	ENSMUST00000008542|ENSMUST00000129827|ENSMUST00000133365|ENSMUST00000151153	NM_001322268|NM_001282967|NM_013508|NM_001322265	ELK3		DOWN, ttest: 0.000143413879557451
132	Plau	2_astrocytes_dex_down	michor-cells-dex	ENSMUSG00000021822	ENSMUST00000022368|ENSMUST00000224141	NM_008873	PLAU		DOWN, ttest: 0.00014388793641919
133	Gvin1	2_astrocytes_dex_down	michor-cells-dex	ENSMUSG00000045868	ENSMUST00000183409|ENSMUST00000006667	NM_029000|NM_001039160			DOWN, ttest: 0.000147516789213961
134	Dusp4	2_astrocytes_dex_down	michor-cells-dex	ENSMUSG00000031530	ENSMUST00000033930	NM_176933	DUSP4		DOWN, ttest: 0.000152953423751889
135	LOC100048845	2_astrocytes_dex_down	michor-cells-dex						DOWN, ttest: 0.000161580381010053
136	Kcna6	2_astrocytes_dex_down	michor-cells-dex	ENSMUSG00000038077	ENSMUST00000185333|ENSMUST00000112242|ENSMUST00000128137|ENSMUST00000040751	NM_013568|NM_001410075|NM_001410072	KCNA6		DOWN, ttest: 0.000163156952704254
137	1200015N20Rik	2_astrocytes_dex_down	michor-cells-dex	ENSMUSG00000043259	ENSMUST00000105436|ENSMUST00000219514|ENSMUST00000173042|ENSMUST00000218542|ENSMUST00000220159|ENSMUST00000062883|ENSMUST00000220442	NM_001143777|NM_001143776|NM_024244|NM_001359551	FAM13C		DOWN, ttest: 0.000165869729555362
138	Plekho2	2_astrocytes_dex_down	michor-cells-dex	ENSMUSG00000050721	ENSMUST00000214740|ENSMUST00000213652|ENSMUST00000068944|ENSMUST00000213554	NM_153119	PLEKHO2		DOWN, ttest: 0.00017171148188577
139	Camk4	2_astrocytes_dex_down	michor-cells-dex	ENSMUSG00000038128	ENSMUST00000234654|ENSMUST00000234205|ENSMUST00000234001|ENSMUST00000042868	NM_009793	CAMK4		DOWN, ttest: 0.000173625395470008
140	Pla2g15	2_astrocytes_dex_down	michor-cells-dex	ENSMUSG00000031903	ENSMUST00000212963|ENSMUST00000034377|ENSMUST00000212116|ENSMUST00000212059	NM_133792|NM_001357319	PLA2G15		DOWN, ttest: 0.000177805610883693
141	Ctnnal1	2_astrocytes_dex_down	michor-cells-dex	ENSMUSG00000038816	ENSMUST00000134915|ENSMUST00000132764|ENSMUST00000131231|ENSMUST00000045142|ENSMUST00000154511|ENSMUST00000136308|ENSMUST00000127908|ENSMUST00000134754|ENSMUST00000107612	NM_018761	CTNNAL1		DOWN, ttest: 0.000179981826602766
142	Micall2	2_astrocytes_dex_down	michor-cells-dex	ENSMUSG00000036718	ENSMUST00000165645|ENSMUST00000164584|ENSMUST00000044642|ENSMUST00000170773	NM_174850	MICALL2		DOWN, ttest: 0.000181834733855903
143	LOC100047963	2_astrocytes_dex_down	michor-cells-dex						DOWN, ttest: 0.000183712633041992
144	Cxcl16	2_astrocytes_dex_down	michor-cells-dex	ENSMUSG00000018920	ENSMUST00000154475|ENSMUST00000126391|ENSMUST00000019064	NM_023158	CXCL16		DOWN, ttest: 0.000185194632810983
145	Cd72	2_astrocytes_dex_down	michor-cells-dex	ENSMUSG00000028459	ENSMUST00000107925|ENSMUST00000030179|ENSMUST00000151868|ENSMUST00000134850|ENSMUST00000107926|ENSMUST00000133110|ENSMUST00000140284|ENSMUST00000141198|ENSMUST00000098105|ENSMUST00000098104	NM_001110321|NM_007654|NM_001110322|NM_001110320	CD72		DOWN, ttest: 0.000186005500586089
146	Fchsd2	2_astrocytes_dex_down	michor-cells-dex	ENSMUSG00000030691	ENSMUST00000130426|ENSMUST00000208063|ENSMUST00000142727|ENSMUST00000151693|ENSMUST00000208439|ENSMUST00000137196|ENSMUST00000032931|ENSMUST00000145802|ENSMUST00000208638|ENSMUST00000098250|ENSMUST00000208917	NM_001146010|NM_199012	FCHSD2		DOWN, ttest: 0.000193758761755316
147	Disp1	2_astrocytes_dex_down	michor-cells-dex	ENSMUSG00000030768	ENSMUST00000194033|ENSMUST00000171366|ENSMUST00000195372|ENSMUST00000192915|ENSMUST00000003035	NM_001278220|NM_001278219|NM_026866|NM_001278218	DISP1		DOWN, ttest: 0.000194882671132622
148	Cyth4	2_astrocytes_dex_down	michor-cells-dex	ENSMUSG00000018008	ENSMUST00000230705|ENSMUST00000229295|ENSMUST00000229248|ENSMUST00000230041|ENSMUST00000043069|ENSMUST00000230583|ENSMUST00000231180|ENSMUST00000229717|ENSMUST00000229233|ENSMUST00000229256|ENSMUST00000231176|ENSMUST00000229796|ENSMUST00000231168	NM_028195	CYTH4		DOWN, ttest: 0.000199230369444068
149	Pdgfb	2_astrocytes_dex_down	michor-cells-dex	ENSMUSG00000000489	ENSMUST00000229168|ENSMUST00000229795|ENSMUST00000000500|ENSMUST00000229912	NM_011057	PDGFB		DOWN, ttest: 0.000201706227517463
150	AI504432	2_astrocytes_dex_down	michor-cells-dex	ENSMUSG00000056145	ENSMUST00000070085				DOWN, ttest: 0.00021229699078981
151	Fas	2_astrocytes_dex_down	michor-cells-dex	ENSMUSG00000024778	ENSMUST00000025691|ENSMUST00000236731|ENSMUST00000112472|ENSMUST00000235232|ENSMUST00000235709	NM_007987|NM_001146708	FAS		DOWN, ttest: 0.000214855495489521
152	1700084C01Rik	2_astrocytes_dex_down	michor-cells-dex	ENSMUSG00000070532	ENSMUST00000094348|ENSMUST00000175731	NM_001347138|NM_001033185	CCDC190		DOWN, ttest: 0.000216305612551744
153	Lpl	2_astrocytes_dex_down	michor-cells-dex	ENSMUSG00000015568	ENSMUST00000101463|ENSMUST00000015712|ENSMUST00000213071|ENSMUST00000168401|ENSMUST00000169749	NM_008509	LPL		DOWN, ttest: 0.000220827611389389
154	Gas7	2_astrocytes_dex_down	michor-cells-dex	ENSMUSG00000033066	ENSMUST00000108680|ENSMUST00000108682|ENSMUST00000129801|ENSMUST00000147276|ENSMUST00000108681|ENSMUST00000136796|ENSMUST00000145496|ENSMUST00020183803|ENSMUST00000133367|ENSMUST00000140863|ENSMUST00000151784|ENSMUST00000041611	NM_008088|NM_001109657|NM_001277080|NM_001277079	GAS7		DOWN, ttest: 0.000220966118655192
155	Stap1	2_astrocytes_dex_down	michor-cells-dex	ENSMUSG00000029254	ENSMUST00000031171|ENSMUST00000138076|ENSMUST00000132546|ENSMUST00000123393|ENSMUST00000151556|ENSMUST00000198435	NM_001310639|NM_019992	STAP1		DOWN, ttest: 0.000224300535106111
156	D8Ertd82e	2_astrocytes_dex_down	michor-cells-dex	ENSMUSG00000050271	ENSMUST00000110492|ENSMUST00000145386|ENSMUST00000150295	NM_172911	PRAG1		DOWN, ttest: 0.000232489883520952
157	Tmem51	2_astrocytes_dex_down	michor-cells-dex	ENSMUSG00000040616	ENSMUST00000036572	NM_145402	TMEM51		DOWN, ttest: 0.000240648136209148
158	Cd33	2_astrocytes_dex_down	michor-cells-dex	ENSMUSG00000004609	ENSMUST00000039861|ENSMUST00000205503|ENSMUST00000206977|ENSMUST00000205687|ENSMUST00000004728|ENSMUST00000206371	NM_021293|NM_001111058	CD33		DOWN, ttest: 0.000247445634468011
159	Atf3	2_astrocytes_dex_down	michor-cells-dex	ENSMUSG00000026628	ENSMUST00000131854|ENSMUST00000027941|ENSMUST00000195117	NM_007498	ATF3		DOWN, ttest: 0.000249165895438253
160	Bbs10	2_astrocytes_dex_down	michor-cells-dex	ENSMUSG00000035759	ENSMUST00000040454|ENSMUST00000219990	NM_027914	BBS10		DOWN, ttest: 0.000252126538780109
161	Arhgap25	2_astrocytes_dex_down	michor-cells-dex	ENSMUSG00000030047	ENSMUST00000113637|ENSMUST00000203559|ENSMUST00000071024|ENSMUST00000145128|ENSMUST00000101197	NM_175476|NM_001286610|NM_001037727	ARHGAP25		DOWN, ttest: 0.000253060859500256
162	Gm885	2_astrocytes_dex_down	michor-cells-dex	ENSMUSG00000040528	ENSMUST00000147326|ENSMUST00000182908|ENSMUST00000183111|ENSMUST00000106794|ENSMUST00000182479|ENSMUST00000182896|ENSMUST00000086353|ENSMUST00000182023	NM_001271372|NM_001033435|NM_001271373|NM_001271374|NM_001271375	MILR1		DOWN, ttest: 0.000256127406936737
163	Gna14	2_astrocytes_dex_down	michor-cells-dex	ENSMUSG00000024697	ENSMUST00000237350|ENSMUST00000025602	NM_008137	GNA14		DOWN, ttest: 0.000268950943866545
164	3110043J09Rik	2_astrocytes_dex_down	michor-cells-dex	ENSMUSG00000078954	ENSMUST00000172307|ENSMUST00000169075|ENSMUST00000006029|ENSMUST00000100464|ENSMUST00000163312|ENSMUST00000167499|ENSMUST00000168811	NM_001205334|NM_001164628|NM_001164627|NM_028455	ARHGAP8		DOWN, ttest: 0.000278631914549692
165	Sall2	2_astrocytes_dex_down	michor-cells-dex	ENSMUSG00000049532	ENSMUST00000135523|ENSMUST00000058326	NM_001244916|NM_015772	SALL2		DOWN, ttest: 0.000282532492600302
166	Tnfaip3	2_astrocytes_dex_down	michor-cells-dex	ENSMUSG00000019850	ENSMUST00000146388|ENSMUST00000122863|ENSMUST00000154749|ENSMUST00000019997|ENSMUST00000154590|ENSMUST00000105527	NM_001166402|NM_009397	TNFAIP3		DOWN, ttest: 0.000285059946927224
167	Mfsd9	2_astrocytes_dex_down	michor-cells-dex	ENSMUSG00000041945	ENSMUST00000144385|ENSMUST00000131390|ENSMUST00000039672	NM_172499	MFSD9		DOWN, ttest: 0.000292877229821705
168	Evi2a	2_astrocytes_dex_down	michor-cells-dex	ENSMUSG00000078771	ENSMUST00000154415|ENSMUST00000103236|ENSMUST00000133148|ENSMUST00000146611	NM_001033711|NM_010161	EVI2A		DOWN, ttest: 0.000299726677281879
169	Kcnk5	2_astrocytes_dex_down	michor-cells-dex	ENSMUSG00000023243	ENSMUST00000024011|ENSMUST00000225552	NM_021542	KCNK5		DOWN, ttest: 0.000300673723472554
170	Slc16a9	2_astrocytes_dex_down	michor-cells-dex	ENSMUSG00000037762	ENSMUST00000046807|ENSMUST00000155933	NM_025807	SLC16A9		DOWN, ttest: 0.000303872861964539
171	41456	2_astrocytes_dex_down	michor-cells-dex						DOWN, ttest: 0.000306483706994861
172	Nrn1	2_astrocytes_dex_down	michor-cells-dex	ENSMUSG00000039114	ENSMUST00000224323|ENSMUST00000224960|ENSMUST00000122286|ENSMUST00000037623|ENSMUST00000223611	NM_153529|NM_001374754	NRN1		DOWN, ttest: 0.000315872862402936
173	Gadd45a	2_astrocytes_dex_down	michor-cells-dex	ENSMUSG00000036390	ENSMUST00000128617|ENSMUST00000126194|ENSMUST00000043098|ENSMUST00000204369|ENSMUST00000155041|ENSMUST00000151958|ENSMUST00000204282	NM_007836	GADD45A		DOWN, ttest: 0.000316431001166155
174	Gpr23	2_astrocytes_dex_down	michor-cells-dex	ENSMUSG00000049929	ENSMUST00000060576	NM_175271	LPAR4		DOWN, ttest: 0.000316829083584419
175	Spata13	2_astrocytes_dex_down	michor-cells-dex	ENSMUSG00000021990	ENSMUST00000162939|ENSMUST00000162945|ENSMUST00000160095|ENSMUST00000160973|ENSMUST00000162131|ENSMUST00000159729|ENSMUST00000159135|ENSMUST00000022566|ENSMUST00000159169	NM_001310594|NM_001033272|NM_001404964	SPATA13		DOWN, ttest: 0.000325397660584219
176	Rarb	2_astrocytes_dex_down	michor-cells-dex	ENSMUSG00000017491	ENSMUST00000225921|ENSMUST00000223576|ENSMUST00000223976|ENSMUST00000225594|ENSMUST00000225356|ENSMUST00000063750|ENSMUST00000225245	NM_001289760|NM_011243|NM_001289762|NM_001289761	RARB		DOWN, ttest: 0.000326123027401818
177	Gp49a	2_astrocytes_dex_down	michor-cells-dex	ENSMUSG00000112023	ENSMUST00000219262|ENSMUST00000218649|ENSMUST00000219661|ENSMUST00000219178|ENSMUST00000219717|ENSMUST00000219598|ENSMUST00000219053|ENSMUST00000218900|ENSMUST00000218179|ENSMUST00000219151|ENSMUST00000218704|ENSMUST00000102894|ENSMUST00000219960	NM_008147|NM_001291893|NM_001291892			DOWN, ttest: 0.000333201420611068
178	2810037O22Rik	2_astrocytes_dex_down	michor-cells-dex						DOWN, ttest: 0.000338007954116651
179	Tspan14	2_astrocytes_dex_down	michor-cells-dex	ENSMUSG00000037824	ENSMUST00000224209|ENSMUST00000224349|ENSMUST00000047652	NM_145928|NM_001316748	TSPAN14		DOWN, ttest: 0.000338161202849367
180	Mboat1	2_astrocytes_dex_down	michor-cells-dex	ENSMUSG00000038732	ENSMUST00000152798|ENSMUST00000220870|ENSMUST00000153269|ENSMUST00000222095|ENSMUST00000047311	NM_153546	MBOAT1		DOWN, ttest: 0.000339230222410707
181	BC004044	2_astrocytes_dex_down	michor-cells-dex						DOWN, ttest: 0.000340997773583294
182	Cmtm7	2_astrocytes_dex_down	michor-cells-dex	ENSMUSG00000032436	ENSMUST00000084867|ENSMUST00000035009|ENSMUST00000217056|ENSMUST00000214604|ENSMUST00000216760	NM_133978|NM_001252479	CMTM7		DOWN, ttest: 0.000345651033280531
183	Sytl2	2_astrocytes_dex_down	michor-cells-dex	ENSMUSG00000030616	ENSMUST00000207578|ENSMUST00000107211|ENSMUST00000207872|ENSMUST00000207455|ENSMUST00000207064|ENSMUST00000190837|ENSMUST00000207431|ENSMUST00000239078|ENSMUST00000207629|ENSMUST00000208580|ENSMUST00000190365|ENSMUST00000209188|ENSMUST00000207928|ENSMUST00000107210|ENSMUST00000208486|ENSMUST00000208720|ENSMUST00000189194|ENSMUST00000190731|ENSMUST00000098310|ENSMUST00000208809	NM_001289584|NM_001289583|NM_001368878|NM_001040087|NM_031394|NM_001289586|NM_001040088|NM_001289585|NM_001040085	SYTL2		DOWN, ttest: 0.000349842528538892
184	Vps37b	2_astrocytes_dex_down	michor-cells-dex	ENSMUSG00000066278	ENSMUST00000040967|ENSMUST00000199741|ENSMUST00000199306	NM_177876	VPS37B		DOWN, ttest: 0.000358795793981875
185	Dbndd2	2_astrocytes_dex_down	michor-cells-dex	ENSMUSG00000017734	ENSMUST00000109350|ENSMUST00000017878|ENSMUST00000109349|ENSMUST00000149287|ENSMUST00000069385|ENSMUST00000143690	NM_001048227|NM_001048229|NM_001048228|NM_026797	DBNDD2		DOWN, ttest: 0.000369351119530723
186	Gab1	2_astrocytes_dex_down	michor-cells-dex	ENSMUSG00000031714	ENSMUST00000210676|ENSMUST00000211018|ENSMUST00000034150	NM_001301298|NM_021356	GAB1		DOWN, ttest: 0.000380953697471785
187	Fgfrl1	2_astrocytes_dex_down	michor-cells-dex	ENSMUSG00000008090	ENSMUST00000112560|ENSMUST00000197255|ENSMUST00000196222|ENSMUST00000199802|ENSMUST00000013633	NM_054071|NM_001164259	FGFRL1		DOWN, ttest: 0.000381975810663541
188	LOC100046608	2_astrocytes_dex_down	michor-cells-dex						DOWN, ttest: 0.000384864923357721
189	Relb	2_astrocytes_dex_down	michor-cells-dex	ENSMUSG00000002983	ENSMUST00000148040|ENSMUST00000049912|ENSMUST00000094762|ENSMUST00000130543|ENSMUST00000153309|ENSMUST00000131759|ENSMUST00000141586|ENSMUST00000137615|ENSMUST00000098754|ENSMUST00000208087	NM_001290457|NM_009046	RELB		DOWN, ttest: 0.000394508648617617
190	Phldb1	2_astrocytes_dex_down	michor-cells-dex	ENSMUSG00000048537	ENSMUST00000128326|ENSMUST00000126818|ENSMUST00000148929|ENSMUST00000144251|ENSMUST00000138356|ENSMUST00000123406|ENSMUST00000129806|ENSMUST00000154723|ENSMUST00000134465|ENSMUST00000148344|ENSMUST00000123310|ENSMUST00000123123|ENSMUST00000133312|ENSMUST00000034611|ENSMUST00000135436|ENSMUST00000156918|ENSMUST00000147495|ENSMUST00000123003	NM_153537	PHLDB1		DOWN, ttest: 0.000395686142892114
191	Clec5a	2_astrocytes_dex_down	michor-cells-dex	ENSMUSG00000029915	ENSMUST00000101491|ENSMUST00000031975|ENSMUST00000129948|ENSMUST00000177178	NM_021364|NM_001038604	CLEC5A		DOWN, ttest: 0.000397517741712423
192	Tlr1	2_astrocytes_dex_down	michor-cells-dex	ENSMUSG00000044827	ENSMUST00000197315|ENSMUST00000197886|ENSMUST00000059349	NM_001276445|NM_030682	TLR1		DOWN, ttest: 0.0004006366226718261
193	Tgfb3	2_astrocytes_dex_down	michor-cells-dex	ENSMUSG00000021253	ENSMUST00000003687	NM_009368	TGFB3		DOWN, ttest: 0.000414760533581347
194	LOC100046608	2_astrocytes_dex_down	michor-cells-dex						DOWN, ttest: 0.000441711651520122
195	Shroom3	2_astrocytes_dex_down	michor-cells-dex	ENSMUSG00000029381	ENSMUST00000168878|ENSMUST00000113051|ENSMUST00000172706|ENSMUST00000172849|ENSMUST00000172752|ENSMUST00000225438|ENSMUST00000113055|ENSMUST00000113054|ENSMUST00000202767|ENSMUST00000200869|ENSMUST00000201800	NM_015756|NM_001077595|NM_001077596	SHROOM3		DOWN, ttest: 0.000451599712653401
196	Irf1	2_astrocytes_dex_down	michor-cells-dex	ENSMUSG00000018899	ENSMUST00000108922|ENSMUST00000138913|ENSMUST00000142221|ENSMUST00000123376|ENSMUST00000108920|ENSMUST00000133291|ENSMUST00000153054|ENSMUST00000128336|ENSMUST00000019043|ENSMUST00000140866	NM_001159393|NM_008390|NM_001159396	IRF1		DOWN, ttest: 0.000459207298057286
197	Ak5	2_astrocytes_dex_down	michor-cells-dex	ENSMUSG00000039058	ENSMUST00000198552|ENSMUST00000045262|ENSMUST00000200062	NM_001409727|NM_001081277|NM_001409729	AK5		DOWN, ttest: 0.000475466741791714
198	Sox4	2_astrocytes_dex_down	michor-cells-dex	ENSMUSG00000076431	ENSMUST00000067230	NM_009238	SOX4		DOWN, ttest: 0.000476876184823824
199	Prrx2	2_astrocytes_dex_down	michor-cells-dex	ENSMUSG00000039476	ENSMUST00000137924|ENSMUST00000113592|ENSMUST00000150299|ENSMUST00000041659	NM_009116	PRRX2		DOWN, ttest: 0.000495041399012746
200	2600010E01Rik	2_astrocytes_dex_down	michor-cells-dex	ENSMUSG00000032841	ENSMUST00000141814|ENSMUST00000144549|ENSMUST00000125985|ENSMUST00000043845|ENSMUST00000163762|ENSMUST00000140387|ENSMUST00000171088|ENSMUST00000127358|ENSMUST00000154525|ENSMUST00000124802	NM_001355625|NM_001083810|NM_001110849|NM_175181	PRR5L		DOWN, ttest: 0.000499572970079035
201	St8sia4	2_astrocytes_dex_down	michor-cells-dex	ENSMUSG00000040710	ENSMUST00000187936|ENSMUST00000189556|ENSMUST00000043336|ENSMUST00000186853	NM_009183|NM_001159745	ST8SIA4		DOWN, ttest: 0.000518295165772727
202	Cyp1b1	2_astrocytes_dex_down	michor-cells-dex	ENSMUSG00000024087	ENSMUST00000024894|ENSMUST00000234927|ENSMUST00000234361	NM_001364889|NM_009994	CYP1B1		DOWN, ttest: 0.000527310411211611
203	Pik3cb	2_astrocytes_dex_down	michor-cells-dex	ENSMUSG00000032462	ENSMUST00000136965|ENSMUST00000124723|ENSMUST00000035037	NM_029094	PIK3CB		DOWN, ttest: 0.000551634975283508
204	Igf1	2_astrocytes_dex_down	michor-cells-dex	ENSMUSG00000020053	ENSMUST00000121952|ENSMUST00000122100|ENSMUST00000105300|ENSMUST00000062862|ENSMUST00000126490|ENSMUST00000121161|ENSMUST00000122386|ENSMUST00000095360	NM_010512|NM_001111276|NM_001111275|NM_001111274|NM_001314010	IGF1		DOWN, ttest: 0.000556978720293066
205	Il15	2_astrocytes_dex_down	michor-cells-dex	ENSMUSG00000031712	ENSMUST00000210094|ENSMUST00000210885|ENSMUST00000209363|ENSMUST00000034148|ENSMUST00000209573|ENSMUST00000211565|ENSMUST00000211722|ENSMUST00000211282|ENSMUST00000210472|ENSMUST00000209687	NM_008357|NM_001254747	IL15		DOWN, ttest: 0.0005614984886156381
206	Adcy8	2_astrocytes_dex_down	michor-cells-dex	ENSMUSG00000022376	ENSMUST00000228109|ENSMUST00000023007|ENSMUST00000228014	NM_009623|NM_001331075|NM_001291903	ADCY8		DOWN, ttest: 0.00059839597074708
207	Pde1b	2_astrocytes_dex_down	michor-cells-dex	ENSMUSG00000022489	ENSMUST00000227925|ENSMUST00000226468|ENSMUST00000023132|ENSMUST00000227955|ENSMUST00000226493	NM_008800|NM_001357980|NM_001285890	PDE1B		DOWN, ttest: 0.0005984846699946541
208	Tnfaip8	2_astrocytes_dex_down	michor-cells-dex	ENSMUSG00000062210	ENSMUST00000148159|ENSMUST00000180305|ENSMUST00000145726|ENSMUST00000155403|ENSMUST00000153873|ENSMUST00000134348|ENSMUST00000128377|ENSMUST00000087655|ENSMUST00000153545|ENSMUST00000148989|ENSMUST00000126666|ENSMUST00000179937|ENSMUST00000124175	NM_001360935|NM_001177760|NM_001177759|NM_134131	TNFAIP8		DOWN, ttest: 0.0006095351403445041
209	Rhobtb2	2_astrocytes_dex_down	michor-cells-dex	ENSMUSG00000022075	ENSMUST00000022665|ENSMUST00000225088|ENSMUST00000224535|ENSMUST00000223603	NM_153514	RHOBTB2		DOWN, ttest: 0.000622027666857159
210	Dhx32	2_astrocytes_dex_down	michor-cells-dex	ENSMUSG00000030986	ENSMUST00000106139|ENSMUST00000135989|ENSMUST00000211450|ENSMUST00000140593|ENSMUST00000130182|ENSMUST00000136301|ENSMUST00000149876|ENSMUST00000033290|ENSMUST00000146211|ENSMUST00000063669	NM_133941|NM_001286032|NM_001286031|NM_001357685|NM_001286030	DHX32		DOWN, ttest: 0.0006380447248824301
211	Edg3	2_astrocytes_dex_down	michor-cells-dex	ENSMUSG00000067586	ENSMUST00000087978	NM_010101	S1PR3		DOWN, ttest: 0.0006395045750528881
212	Ednra	2_astrocytes_dex_down	michor-cells-dex	ENSMUSG00000031616	ENSMUST00000034029|ENSMUST00000146561	NM_010332	EDNRA		DOWN, ttest: 0.000649196277634799
213	Zfp41	2_astrocytes_dex_down	michor-cells-dex	ENSMUSG00000047003	ENSMUST00000161555|ENSMUST00000161785|ENSMUST00000054555|ENSMUST00000161752	NM_001044718|NM_011759	ZFP41		DOWN, ttest: 0.000650796789626327
214	LOC100046802	2_astrocytes_dex_down	michor-cells-dex						DOWN, ttest: 0.000674254454942782
215	Ptpn6	2_astrocytes_dex_down	michor-cells-dex	ENSMUSG00000004266	ENSMUST00000173315|ENSMUST00000173647|ENSMUST00000004377|ENSMUST00000173228|ENSMUST00000174265|ENSMUST00000171549|ENSMUST00000172613|ENSMUST00000112484|ENSMUST00000172690|ENSMUST00000174787|ENSMUST00000172770	NM_013545|NM_001077705	PTPN6		DOWN, ttest: 0.0006861674152806701
216	Plek	2_astrocytes_dex_down	michor-cells-dex	ENSMUSG00000020120	ENSMUST00000102881|ENSMUST00000156101|ENSMUST00000020321	NM_019549	PLEK		DOWN, ttest: 0.0007116376821038811
217	Reck	2_astrocytes_dex_down	michor-cells-dex	ENSMUSG00000028476	ENSMUST00000030198|ENSMUST00000128463|ENSMUST00000130415	NM_016678	RECK		DOWN, ttest: 0.0007187292989867091
218	Clec7a	2_astrocytes_dex_down	michor-cells-dex	ENSMUSG00000079293	ENSMUST00000184861|ENSMUST00000195589|ENSMUST00000184581	NM_001309637	CLEC7A		DOWN, ttest: 0.00073485592459805
219	Icam1	2_astrocytes_dex_down	michor-cells-dex	ENSMUSG00000037405	ENSMUST00000086399|ENSMUST00000215003	NM_010493	ICAM1		DOWN, ttest: 0.000811134799496514
220	BC004044	2_astrocytes_dex_down	michor-cells-dex						DOWN, ttest: 0.0008498995706011051
221	Mfsd7b	2_astrocytes_dex_down	michor-cells-dex	ENSMUSG00000066595	ENSMUST00000194917|ENSMUST00000194589|ENSMUST00000193399|ENSMUST00000191946|ENSMUST00000085635|ENSMUST00000192666	NM_001313747|NM_001081259|NM_198025	FLVCR1		DOWN, ttest: 0.000852759661435406
222	Rab3il1	2_astrocytes_dex_down	michor-cells-dex	ENSMUSG00000024663	ENSMUST00000121418|ENSMUST00000238672|ENSMUST00000137637|ENSMUST00000144788|ENSMUST00000131407|ENSMUST00000117641|ENSMUST00000113161|ENSMUST00000129882|ENSMUST00000149967	NM_001347429|NM_001378861|NM_001378859|NM_001378858|NM_144538|NM_001378857|NM_001347430|NM_001378860	RAB3IL1		DOWN, ttest: 0.0008777714381687481
223	A730017D01Rik	2_astrocytes_dex_down	michor-cells-dex	ENSMUSG00000041540	ENSMUST00000111749|ENSMUST00000111748|ENSMUST00000077160|ENSMUST00000038815|ENSMUST00000124233|ENSMUST00000150087|ENSMUST00000129050|ENSMUST00000111746|ENSMUST00000144289|ENSMUST00000141102|ENSMUST00000149451|ENSMUST00000139478|ENSMUST00000142294|ENSMUST00000170367	NM_001243163|NM_001113559|NM_011444|NM_001347506	SOX5		DOWN, ttest: 0.000885277901351442
224	Pik3r3	2_astrocytes_dex_down	michor-cells-dex	ENSMUSG00000028698	ENSMUST00000147292|ENSMUST00000030464|ENSMUST00000106490	NM_001355586|NM_181585|NM_001355584|NM_001355585	PIK3R3		DOWN, ttest: 0.0008858443918524031
225	4632417K18Rik	2_astrocytes_dex_down	michor-cells-dex	ENSMUSG00000024691	ENSMUST00000139270|ENSMUST00000151307|ENSMUST00000025595|ENSMUST00000144662	NM_001346545|NM_026640	FAM111A		DOWN, ttest: 0.0008959602613040021
226	Ccnd2	2_astrocytes_dex_down	michor-cells-dex	ENSMUSG00000000184	ENSMUST00000201066|ENSMUST00000202363|ENSMUST00000201985|ENSMUST00000201857|ENSMUST00000201564|ENSMUST00000000188|ENSMUST00000201902|ENSMUST00000201637	NM_009829	CCND2		DOWN, ttest: 0.0008985902075199591
227	Nudt7	2_astrocytes_dex_down	michor-cells-dex	ENSMUSG00000031767	ENSMUST00000066514|ENSMUST00000147605|ENSMUST00000073521|ENSMUST00000109109|ENSMUST00000134593	NM_001377027|NM_001290182|NM_024446|NM_024437|NM_001290181	NUDT7		DOWN, ttest: 0.000937982633731976
228	Fut10	2_astrocytes_dex_down	michor-cells-dex	ENSMUSG00000046152	ENSMUST00000110527|ENSMUST00000161502|ENSMUST00000161788|ENSMUST00000066173|ENSMUST00000162162	NM_134161|NM_001286424|NM_001286422|NM_001286425|NM_001012517	FUT10		DOWN, ttest: 0.0009458937239459861
229	Diras2	2_astrocytes_dex_down	michor-cells-dex	ENSMUSG00000047842	ENSMUST00000057442	NM_001024474	DIRAS2		DOWN, ttest: 0.0009488877041472191
230	Casp8	2_astrocytes_dex_down	michor-cells-dex	ENSMUSG00000026029	ENSMUST00000191201|ENSMUST00000190213|ENSMUST00000165549|ENSMUST00000027189	NM_001080126|NM_001277926|NM_009812	CASP8		DOWN, ttest: 0.0009895217710265381
231	Plaur	2_astrocytes_dex_down	michor-cells-dex	ENSMUSG00000046223	ENSMUST00000206935|ENSMUST00000206514|ENSMUST00000205877|ENSMUST00000206636|ENSMUST00000206693|ENSMUST00000002284	NM_011113	PLAUR		DOWN, ttest: 0.000989522043925541
232	Vamp5	2_astrocytes_dex_down	michor-cells-dex	ENSMUSG00000073002	ENSMUST00000101285|ENSMUST00000074231|ENSMUST00000206154	NM_001080742|NM_016872	VAMP5		DOWN, ttest: 0.00100866899961591
233	Spata3	2_astrocytes_dex_down	michor-cells-dex	ENSMUSG00000026226	ENSMUST00000129169|ENSMUST00000113344|ENSMUST00000149469|ENSMUST00000131151|ENSMUST00000135440|ENSMUST00000152501|ENSMUST00000153247|ENSMUST00000052854|ENSMUST00000130504|ENSMUST00000159876|ENSMUST00000125083	NM_001122732|NM_001379365|NM_027029|NM_028647|NM_027300	SPATA3		DOWN, ttest: 0.00101299276919459
234	2310004N11Rik	2_astrocytes_dex_down	michor-cells-dex	ENSMUSG00000042608	ENSMUST00000134369|ENSMUST00000116286|ENSMUST00000094761|ENSMUST00000127092|ENSMUST00000139188|ENSMUST00000139524	NM_028800|NM_001145827	STK40		DOWN, ttest: 0.00101646970698347
235	A430084P05Rik	2_astrocytes_dex_down	michor-cells-dex	ENSMUSG00000057135	ENSMUST00000108534|ENSMUST00000074572	NM_001045526	SCIMP		DOWN, ttest: 0.00102305245595302
236	Sox21	2_astrocytes_dex_down	michor-cells-dex	ENSMUSG00000061517	ENSMUST00000170662	NM_177753	SOX21		DOWN, ttest: 0.00103932807480851
237	Rasl11b	2_astrocytes_dex_down	michor-cells-dex	ENSMUSG00000049907	ENSMUST00000183995|ENSMUST00000201837|ENSMUST00000051937	NM_026878	RASL11B		DOWN, ttest: 0.00104559514315442
238	Il1a	2_astrocytes_dex_down	michor-cells-dex	ENSMUSG00000027399	ENSMUST00000028882	NM_010554	IL1A		DOWN, ttest: 0.00109736439208001
239	Cdon	2_astrocytes_dex_down	michor-cells-dex	ENSMUSG00000038119	ENSMUST00000137200|ENSMUST00000127264|ENSMUST00000151682|ENSMUST00000042842|ENSMUST00000119129|ENSMUST00000154652	NM_001405248|NM_001405251|NM_021339|NM_001405247|NM_001405250|NM_001405249	CDON		DOWN, ttest: 0.00110324748104646
240	Rps6ka1	2_astrocytes_dex_down	michor-cells-dex	ENSMUSG00000003644	ENSMUST00000129636|ENSMUST00000003741|ENSMUST00000173961|ENSMUST00000168974|ENSMUST00000137486|ENSMUST00000174481|ENSMUST00000157067|ENSMUST00000173989|ENSMUST00000105894	NM_001378880|NM_001285506|NM_001285505|NM_009097	RPS6KA1		DOWN, ttest: 0.00111997968089295
241	Bdnf	2_astrocytes_dex_down	michor-cells-dex	ENSMUSG00000048482	ENSMUST00000111051|ENSMUST00000111043|ENSMUST00000111046|ENSMUST00000176893|ENSMUST00000111042|ENSMUST00000111049|ENSMUST00000111047|ENSMUST00000053317|ENSMUST00000111045|ENSMUST00000111050|ENSMUST00000111044	NM_001285420|NM_001285418|NM_001285417|NM_001316310|NM_007540|NM_001285422|NM_001048141|NM_001285421|NM_001048142|NM_001048139|NM_001285416|NM_001285419	BDNF		DOWN, ttest: 0.0011280732522773
242	Traf1	2_astrocytes_dex_down	michor-cells-dex	ENSMUSG00000026875	ENSMUST00000201690|ENSMUST00000156479|ENSMUST00000129131|ENSMUST00000201335|ENSMUST00000113064|ENSMUST00000135870|ENSMUST00000028234|ENSMUST00000172159|ENSMUST00000141238	NM_001326601|NM_009421	TRAF1		DOWN, ttest: 0.00114849135290886
243	Traf3	2_astrocytes_dex_down	michor-cells-dex	ENSMUSG00000021277	ENSMUST00000143395|ENSMUST00000139162|ENSMUST00000021706|ENSMUST00000117269|ENSMUST00000060274	NM_001286122|NM_001364364|NM_011632	TRAF3		DOWN, ttest: 0.00116403999530693
244	Avpr1a	2_astrocytes_dex_down	michor-cells-dex	ENSMUSG00000020123	ENSMUST00000020323	NM_016847	AVPR1A		DOWN, ttest: 0.00125810625026024
245	Plscr1	2_astrocytes_dex_down	michor-cells-dex	ENSMUSG00000032369	ENSMUST00000093801|ENSMUST00000187952|ENSMUST00000186364	NM_001410453|NM_011636	PLSCR1		DOWN, ttest: 0.00127216554494604
246	Cysltr1	2_astrocytes_dex_down	michor-cells-dex	ENSMUSG00000052821	ENSMUST00000064892|ENSMUST00000113480	NM_021476|NM_001281859	CYSLTR1		DOWN, ttest: 0.00129343619756406
247	6230400G14Rik	2_astrocytes_dex_down	michor-cells-dex	ENSMUSG00000030020	ENSMUST00000113446|ENSMUST00000032093|ENSMUST00000113447|ENSMUST00000113445	NM_001081146|NM_001134460|NM_001134461|NM_001404086|NM_001134459	PRICKLE2		DOWN, ttest: 0.00132058751027531
248	Chst3	2_astrocytes_dex_down	michor-cells-dex	ENSMUSG00000057337	ENSMUST00000068690|ENSMUST00000167915	NM_016803|NM_001407025	CHST3		DOWN, ttest: 0.00140711250693685
249	Lat2	2_astrocytes_dex_down	michor-cells-dex	ENSMUSG00000040751	ENSMUST00000201632|ENSMUST00000200945|ENSMUST00000202746|ENSMUST00000202461|ENSMUST00000202085|ENSMUST00000077636|ENSMUST00000036362|ENSMUST00000201832|ENSMUST00000200998|ENSMUST00000200737	NM_020044|NM_022964	LAT2		DOWN, ttest: 0.00141500157739767
250	Fcgr2b	2_astrocytes_dex_down	michor-cells-dex	ENSMUSG00000026656	ENSMUST00000159688|ENSMUST00000161730|ENSMUST00000160106|ENSMUST00000161503|ENSMUST00000081103|ENSMUST00000027966|ENSMUST00000159969	NM_001077189|NM_010187	FCGR2A		DOWN, ttest: 0.0014226800710966
251	Pilra	2_astrocytes_dex_down	michor-cells-dex	ENSMUSG00000046245	ENSMUST00000199028|ENSMUST00000058897|ENSMUST00000110980|ENSMUST00000130460|ENSMUST00000197586	NM_153510			DOWN, ttest: 0.00143783420129437
252	Chst1	2_astrocytes_dex_down	michor-cells-dex	ENSMUSG00000027221	ENSMUST00000065797	NM_001356553|NM_023850|NM_001356552	CHST1		DOWN, ttest: 0.00144208412171444
253	Abcc12	2_astrocytes_dex_down	michor-cells-dex	ENSMUSG00000036872	ENSMUST00000129898|ENSMUST00000156066|ENSMUST00000152438|ENSMUST00000131423|ENSMUST00000131806|ENSMUST00000156610|ENSMUST00000080115	NM_172912	ABCC12		DOWN, ttest: 0.00147185895312301
254	D630003M21Rik	2_astrocytes_dex_down	michor-cells-dex	ENSMUSG00000037813	ENSMUST00000103121|ENSMUST00000046944|ENSMUST00000169335	NM_177657|NM_001131021	KIAA1755		DOWN, ttest: 0.0015107620027902
255	Vcam1	2_astrocytes_dex_down	michor-cells-dex	ENSMUSG00000027962	ENSMUST00000196449|ENSMUST00000029574|ENSMUST00000197031|ENSMUST00000196309	NM_011693	VCAM1		DOWN, ttest: 0.00151162447430605
256	Rnf144a	2_astrocytes_dex_down	michor-cells-dex	ENSMUSG00000020642	ENSMUST00000222082|ENSMUST00000222505|ENSMUST00000223137|ENSMUST00000062149|ENSMUST00000221994|ENSMUST00000020971|ENSMUST00000220742	NM_001081977|NM_080563	RNF144A		DOWN, ttest: 0.00154796199879479
257	Paqr7	2_astrocytes_dex_down	michor-cells-dex	ENSMUSG00000037348	ENSMUST00000081525|ENSMUST00000134506|ENSMUST00000136171|ENSMUST00000095074|ENSMUST00000155449|ENSMUST00000125330	NM_001285847|NM_027995|NM_001285849|NM_001285845|NM_001285846	PAQR7		DOWN, ttest: 0.00158091880272772
258	Vps37d	2_astrocytes_dex_down	michor-cells-dex	ENSMUSG00000043614	ENSMUST00000076203|ENSMUST00000067935	NM_177574|NM_001199677	VPS37D		DOWN, ttest: 0.00158737738041896
259	Ptgds2	2_astrocytes_dex_down	michor-cells-dex	ENSMUSG00000029919	ENSMUST00000170252|ENSMUST00000205250|ENSMUST00000031982	NM_019455	HPGDS		DOWN, ttest: 0.00159149906954581
260	Etv5	2_astrocytes_dex_down	michor-cells-dex	ENSMUSG00000013089	ENSMUST00000165506|ENSMUST00000168774|ENSMUST00000079601|ENSMUST00000170393|ENSMUST00000170803	NM_001358428|NM_023794	ETV5		DOWN, ttest: 0.00163538981721609
261	Cxcl16	2_astrocytes_dex_down	michor-cells-dex	ENSMUSG00000018920	ENSMUST00000154475|ENSMUST00000126391|ENSMUST00000019064	NM_023158	CXCL16		DOWN, ttest: 0.00165826379582057
262	A930008G19Rik	2_astrocytes_dex_down	michor-cells-dex	ENSMUSG00000030956	ENSMUST00000097999|ENSMUST00000097998|ENSMUST00000106166|ENSMUST00000106168|ENSMUST00000148303|ENSMUST00000134946|ENSMUST00000140865|ENSMUST00000065371|ENSMUST00000106165|ENSMUST00000146460|ENSMUST00000106169	NM_175268|NM_001381858|NM_001347630|NM_001381859|NM_212473	FAM53B		DOWN, ttest: 0.00169467277553773
263	Ccr5	2_astrocytes_dex_down	michor-cells-dex	ENSMUSG00000079227	ENSMUST00000171579|ENSMUST00000171499|ENSMUST00000169553|ENSMUST00000168179|ENSMUST00000097855|ENSMUST00000111442	NM_009917	CCR2		DOWN, ttest: 0.00171082701166905
264	Lrrk1	2_astrocytes_dex_down	michor-cells-dex	ENSMUSG00000015133	ENSMUST00000015277|ENSMUST00000130438|ENSMUST00000154893|ENSMUST00000145954|ENSMUST00000131239|ENSMUST00000167705|ENSMUST00000137181	NM_146191	LRRK1		DOWN, ttest: 0.00174122111739884
265	LOC100048461	2_astrocytes_dex_down	michor-cells-dex						DOWN, ttest: 0.00177193550820424
266	Dpysl4	2_astrocytes_dex_down	michor-cells-dex	ENSMUSG00000025478	ENSMUST00000121184|ENSMUST00000145499|ENSMUST00000139364|ENSMUST00000154273|ENSMUST00000026551|ENSMUST00000122844	NM_011993	DPYSL4		DOWN, ttest: 0.00180347248489879
267	Gpr160	2_astrocytes_dex_down	michor-cells-dex	ENSMUSG00000037661	ENSMUST00000194979|ENSMUST00000130294|ENSMUST00000147697|ENSMUST00000046748|ENSMUST00000108259|ENSMUST00000108258|ENSMUST00000108261|ENSMUST00000166278	NM_001286994|NM_001286996|NM_001134385|NM_027965|NM_001357144|NM_001286995|NM_001134386	GPR160		DOWN, ttest: 0.00182392810179244
268	Atg5	2_astrocytes_dex_down	michor-cells-dex	ENSMUSG00000038160	ENSMUST00000039286|ENSMUST00000217412	NM_053069|NM_001314013|NM_001358596	ATG5		DOWN, ttest: 0.00187513388117213
269	1700013E18Rik	2_astrocytes_dex_down	michor-cells-dex						DOWN, ttest: 0.00191206450702973
270	Tnfaip2	2_astrocytes_dex_down	michor-cells-dex	ENSMUSG00000021281	ENSMUST00000127028|ENSMUST00000156003|ENSMUST00000172783|ENSMUST00000102745|ENSMUST00000109792|ENSMUST00000174692|ENSMUST00000174298|ENSMUST00000129467|ENSMUST00000133865|ENSMUST00000127207|ENSMUST00000173581	NM_009396	TNFAIP2		DOWN, ttest: 0.00191871311725421
271	Ets1	2_astrocytes_dex_down	michor-cells-dex	ENSMUSG00000032035	ENSMUST00000184110|ENSMUST00000238819|ENSMUST00000050797|ENSMUST00000184364|ENSMUST00000034534|ENSMUST00000184887|ENSMUST00000183879	NM_001372536|NM_011808|NM_001372537|NM_001038642|NM_001372535|NM_001372534	ETS1		DOWN, ttest: 0.00193744075613433
272	Crygs	2_astrocytes_dex_down	michor-cells-dex	ENSMUSG00000033501	ENSMUST00000040592	NM_009967	CRYGS		DOWN, ttest: 0.00194645569252293
273	LOC100045359	2_astrocytes_dex_down	michor-cells-dex						DOWN, ttest: 0.00203654618380228
274	Gins2	2_astrocytes_dex_down	michor-cells-dex	ENSMUSG00000031821	ENSMUST00000034278|ENSMUST00000146526|ENSMUST00000126094|ENSMUST00000155609	NM_178856	GINS2		DOWN, ttest: 0.0020365516068798
275	Twf2	2_astrocytes_dex_down	michor-cells-dex	ENSMUSG00000023277	ENSMUST00000217523|ENSMUST00000187944|ENSMUST00000024047|ENSMUST00000216850|ENSMUST00000189708|ENSMUST00000216348|ENSMUST00000188650|ENSMUST00000187647|ENSMUST00000216541	NM_011876	TWF2		DOWN, ttest: 0.00204324822529487
276	Itpkb	2_astrocytes_dex_down	michor-cells-dex	ENSMUSG00000038855	ENSMUST00000070181|ENSMUST00000195043	NM_001081175	ITPKB		DOWN, ttest: 0.00204757777912253
277	Gm444	2_astrocytes_dex_down	michor-cells-dex						DOWN, ttest: 0.00207201715762249
278	Pde4b	2_astrocytes_dex_down	michor-cells-dex	ENSMUSG00000028525	ENSMUST00000106908|ENSMUST00000106904|ENSMUST00000133632|ENSMUST00000172845|ENSMUST00000174186|ENSMUST00000106907|ENSMUST00000106901|ENSMUST00000172616|ENSMUST00000097949|ENSMUST00000030251|ENSMUST00000097950|ENSMUST00000106911|ENSMUST00000173119	NM_001177982|NM_019840|NM_001177980|NM_001374780|NM_001177983|NM_001177981	PDE4B		DOWN, ttest: 0.00207378582554542
279	Lcp1	2_astrocytes_dex_down	michor-cells-dex	ENSMUSG00000021998	ENSMUST00000124608|ENSMUST00000124499|ENSMUST00000130510|ENSMUST00000122840|ENSMUST00000143539|ENSMUST00000125833|ENSMUST00000148609|ENSMUST00000134114|ENSMUST00000131802|ENSMUST00000145303|ENSMUST00000149883	NM_001247984|NM_008879	LCP1		DOWN, ttest: 0.00224195182095405
280	Rab11fip4	2_astrocytes_dex_down	michor-cells-dex	ENSMUSG00000017639	ENSMUST00000155381|ENSMUST00000017783	NM_175543	RAB11FIP4		DOWN, ttest: 0.0022721639512265
281	Pgpep1	2_astrocytes_dex_down	michor-cells-dex	ENSMUSG00000056204	ENSMUST00000211715|ENSMUST00000211526|ENSMUST00000070173|ENSMUST00000210193|ENSMUST00000209768|ENSMUST00000210459|ENSMUST00000210307|ENSMUST00000210786	NM_023217	PGPEP1		DOWN, ttest: 0.00228957932330522
282	Cxxc4	2_astrocytes_dex_down	michor-cells-dex	ENSMUSG00000044365	ENSMUST00000197151|ENSMUST00000181597|ENSMUST00000199134|ENSMUST00000166288|ENSMUST00000181904	NM_001004367	CXXC4		DOWN, ttest: 0.00229001208841973
283	Syde1	2_astrocytes_dex_down	michor-cells-dex	ENSMUSG00000032714	ENSMUST00000040580	NM_027875	SYDE1		DOWN, ttest: 0.0022905374698984
284	Vangl2	2_astrocytes_dex_down	michor-cells-dex	ENSMUSG00000026556	ENSMUST00000153662|ENSMUST00000111264|ENSMUST00000148363|ENSMUST00000027837|ENSMUST00000247845|ENSMUST00000111263|ENSMUST00000138714	NM_033509	VANGL2		DOWN, ttest: 0.00233955475401183
285	Synj2	2_astrocytes_dex_down	michor-cells-dex	ENSMUSG00000023805	ENSMUST00000232567|ENSMUST00000126881|ENSMUST00000115787|ENSMUST00000130661|ENSMUST00000115788|ENSMUST00000154114|ENSMUST00000080283|ENSMUST00000134767|ENSMUST00000142409|ENSMUST00000115789|ENSMUST00000061091|ENSMUST00000115786|ENSMUST00000115785|ENSMUST00000115790|ENSMUST00000115784|ENSMUST00000115791	NM_001113353|NM_001357667|NM_001113351|NM_001357665|NM_011523|NM_001290698|NM_001113352	SYNJ2		DOWN, ttest: 0.00234664176332338
286	Apbb1ip	2_astrocytes_dex_down	michor-cells-dex	ENSMUSG00000026786	ENSMUST00000132993|ENSMUST00000148315|ENSMUST00000131195|ENSMUST00000014290	NM_019456	APBB1IP		DOWN, ttest: 0.0023855059178764
287	Rab3il1	2_astrocytes_dex_down	michor-cells-dex	ENSMUSG00000024663	ENSMUST00000121418|ENSMUST00000238672|ENSMUST00000137637|ENSMUST00000144788|ENSMUST00000131407|ENSMUST00000117641|ENSMUST00000113161|ENSMUST00000129882|ENSMUST00000149967	NM_001347429|NM_001378861|NM_001378859|NM_001378858|NM_144538|NM_001378857|NM_001347430|NM_001378860	RAB3IL1		DOWN, ttest: 0.0024299985384614
288	Cxcr4	2_astrocytes_dex_down	michor-cells-dex	ENSMUSG00000045382	ENSMUST00000142893|ENSMUST00000052172	NM_001356509|NM_009911	CXCR4		DOWN, ttest: 0.00243101536919199
289	Ap3m2	2_astrocytes_dex_down	michor-cells-dex	ENSMUSG00000031539	ENSMUST00000210148|ENSMUST00000210476|ENSMUST00000210656|ENSMUST00000163739	NM_001122820|NM_029505	AP3M2		DOWN, ttest: 0.00246011063560604
290	Fzd10	2_astrocytes_dex_down	michor-cells-dex	ENSMUSG00000081683	ENSMUST00000117102	NM_175284	FZD10		DOWN, ttest: 0.00258248286299968
291	Dnajc12	2_astrocytes_dex_down	michor-cells-dex	ENSMUSG00000036764	ENSMUST00000129625|ENSMUST00000136832|ENSMUST00000043317	NM_013888|NM_001253685	DNAJC12		DOWN, ttest: 0.00266322360027306
292	Irf1	2_astrocytes_dex_down	michor-cells-dex	ENSMUSG00000018899	ENSMUST00000108922|ENSMUST00000138913|ENSMUST00000142221|ENSMUST00000123376|ENSMUST00000108920|ENSMUST00000133291|ENSMUST00000153054|ENSMUST00000128336|ENSMUST00000019043|ENSMUST00000140866	NM_001159393|NM_008390|NM_001159396	IRF1		DOWN, ttest: 0.0026974161827741
293	Specc1	2_astrocytes_dex_down	michor-cells-dex	ENSMUSG00000042331	ENSMUST00000200742|ENSMUST00000201015|ENSMUST00000201723|ENSMUST00000202179|ENSMUST00000108709|ENSMUST00000202389|ENSMUST00000201866|ENSMUST00000136971|ENSMUST00000202744|ENSMUST00000092415|ENSMUST00000202869|ENSMUST00000202178|ENSMUST00000201624|ENSMUST00000049836|ENSMUST00000202905|ENSMUST00000201671|ENSMUST00000201364	NM_001281818|NM_001029936|NM_001310526	SPECC1		DOWN, ttest: 0.00275105030146091
294	Gpr23	2_astrocytes_dex_down	michor-cells-dex	ENSMUSG00000049929	ENSMUST00000060576	NM_175271	LPAR4		DOWN, ttest: 0.00275621014976932
295	Trim21	2_astrocytes_dex_down	michor-cells-dex	ENSMUSG00000030966	ENSMUST00000210261|ENSMUST00000209679|ENSMUST00000209907|ENSMUST00000106913|ENSMUST00000033264	NM_001082552|NM_009277	TRIM21		DOWN, ttest: 0.00276145243917453
296	Cxxc4	2_astrocytes_dex_down	michor-cells-dex	ENSMUSG00000044365	ENSMUST00000197151|ENSMUST00000181597|ENSMUST00000199134|ENSMUST00000166288|ENSMUST00000181904	NM_001004367	CXXC4		DOWN, ttest: 0.00279836375006113
297	Sall1	2_astrocytes_dex_down	michor-cells-dex	ENSMUSG00000031665	ENSMUST00000034090	NM_001371069|NM_021390|NM_001371070	SALL1		DOWN, ttest: 0.00279994460158676
298	Bbs10	2_astrocytes_dex_down	michor-cells-dex	ENSMUSG00000035759	ENSMUST00000040454|ENSMUST00000219990	NM_027914	BBS10		DOWN, ttest: 0.0028562834423629
299	Traf3	2_astrocytes_dex_down	michor-cells-dex	ENSMUSG00000021277	ENSMUST00000143395|ENSMUST00000139162|ENSMUST00000021706|ENSMUST00000117269|ENSMUST00000060274	NM_001286122|NM_001364364|NM_011632	TRAF3		DOWN, ttest: 0.00288199246937698
300	Impa2	2_astrocytes_dex_down	michor-cells-dex	ENSMUSG00000024525	ENSMUST00000025403|ENSMUST00000235632|ENSMUST00000237149|ENSMUST00000236637	NM_053261	IMPA2		DOWN, ttest: 0.00297009291501389
301	Slc37a1	2_astrocytes_dex_down	michor-cells-dex	ENSMUSG00000024036	ENSMUST00000236710|ENSMUST00000171233|ENSMUST00000235972|ENSMUST00000237932|ENSMUST00000237835|ENSMUST00000235220|ENSMUST00000236467|ENSMUST00000236251|ENSMUST00000235261|ENSMUST00000237425|ENSMUST00000235564|ENSMUST00000237980|ENSMUST00000236147|ENSMUST00000237389|ENSMUST00000237460|ENSMUST00000235230|ENSMUST00000237928|ENSMUST00000165149	NM_001242427|NM_153062	SLC37A1		DOWN, ttest: 0.00298864264507566
302	Rap2a	2_astrocytes_dex_down	michor-cells-dex	ENSMUSG00000051615	ENSMUST00000062117	NM_029519	RAP2A		DOWN, ttest: 0.00314702454414369
303	Gbp2	2_astrocytes_dex_down	michor-cells-dex	ENSMUSG00000028270	ENSMUST00000169572|ENSMUST00000165774	NM_010260	GBP2		DOWN, ttest: 0.00324795199650973
304	AA881470	2_astrocytes_dex_down	michor-cells-dex						DOWN, ttest: 0.00326135044144934
305	Ptgds2	2_astrocytes_dex_down	michor-cells-dex	ENSMUSG00000029919	ENSMUST00000170252|ENSMUST00000205250|ENSMUST00000031982	NM_019455	HPGDS		DOWN, ttest: 0.00329283449200563
306	Wscd1	2_astrocytes_dex_down	michor-cells-dex	ENSMUSG00000020811	ENSMUST00000108511|ENSMUST00000108510|ENSMUST00000021168|ENSMUST00000150531|ENSMUST00000132095|ENSMUST00000138339	NM_001357960|NM_001357965|NM_177618	WSCD1		DOWN, ttest: 0.0033024804048338
307	Egr1	2_astrocytes_dex_down	michor-cells-dex	ENSMUSG00000038418	ENSMUST00000165033|ENSMUST00000064795	NM_007913	EGR1		DOWN, ttest: 0.00342094258854716
308	Epb4.1l4b	2_astrocytes_dex_down	michor-cells-dex	ENSMUSG00000028434	ENSMUST00000095076|ENSMUST00000133859|ENSMUST00000136337|ENSMUST00000030142|ENSMUST00000149109|ENSMUST00000150665|ENSMUST00000044022	NM_019427|NM_001355492	EPB41L4B		DOWN, ttest: 0.00342866547481422
309	Mef2c	2_astrocytes_dex_down	michor-cells-dex	ENSMUSG00000005583	ENSMUST00000197938|ENSMUST00000197022|ENSMUST00000198360|ENSMUST00000163888|ENSMUST00000199432|ENSMUST00000199019|ENSMUST00000198064|ENSMUST00000197146|ENSMUST00000195904|ENSMUST00000196730|ENSMUST00000197722|ENSMUST00000198916|ENSMUST00000198199|ENSMUST00000200123|ENSMUST00000199450|ENSMUST00000198217|ENSMUST00000199105|ENSMUST00000197681|ENSMUST00000005722|ENSMUST00000195984|ENSMUST00000198069|ENSMUST00000197145|ENSMUST00000196832|ENSMUST00000185052|ENSMUST00000199262|ENSMUST00000200138|ENSMUST00000199210|ENSMUST00000196493|ENSMUST00000200394|ENSMUST00000199167|ENSMUST00000196207	NM_001347564|NM_001347574|NM_001347573|NM_001347579|NM_001347580|NM_001347567|NM_025282|NM_001347578|NM_001347569|NM_001170537|NM_001347576|NM_001347566|NM_001347575|NM_001347572|NM_001347577|NM_001347568|NM_001347571|NM_001347581	MEF2C		DOWN, ttest: 0.00355087298943244
310	Itpripl2	2_astrocytes_dex_down	michor-cells-dex	ENSMUSG00000095115	ENSMUST00000178344	NM_001033380	ITPRIPL2		DOWN, ttest: 0.0035766028694222
311	Pou2f2	2_astrocytes_dex_down	michor-cells-dex	ENSMUSG00000008496	ENSMUST00000108413|ENSMUST00000108415|ENSMUST00000108417|ENSMUST00000175774|ENSMUST00000147146|ENSMUST00000098679|ENSMUST00000108416|ENSMUST00000175754|ENSMUST00000108418|ENSMUST00000176408	NM_001163554|NM_011138|NM_001163556|NM_001163555	POU2F2		DOWN, ttest: 0.00362980095689793
312	Srxn1	2_astrocytes_dex_down	michor-cells-dex	ENSMUSG00000032802	ENSMUST00000128882|ENSMUST00000041500|ENSMUST00000137751	NM_029688	SRXN1		DOWN, ttest: 0.00386171593662327
313	Fadd	2_astrocytes_dex_down	michor-cells-dex	ENSMUSG00000031077	ENSMUST00000033394	NM_010175	FADD		DOWN, ttest: 0.0038672832072266
314	Ubac2	2_astrocytes_dex_down	michor-cells-dex	ENSMUSG00000041765	ENSMUST00000226998|ENSMUST00000039803|ENSMUST00000227936|ENSMUST00000227684	NM_026861	UBAC2		DOWN, ttest: 0.00414678997055849
315	Fgfr2	2_astrocytes_dex_down	michor-cells-dex	ENSMUSG00000030849	ENSMUST00000117858|ENSMUST00000129103|ENSMUST00000129542|ENSMUST00000130557|ENSMUST00000208844|ENSMUST00000119260|ENSMUST00000118296|ENSMUST00000117357|ENSMUST00000117872|ENSMUST00000120141|ENSMUST00000117691|ENSMUST00000120715|ENSMUST00000120187|ENSMUST00000117089|ENSMUST00000133806|ENSMUST00000117073|ENSMUST00000121064|ENSMUST00000122448|ENSMUST00000147859|ENSMUST00000153166|ENSMUST00000136264|ENSMUST00000117754|ENSMUST00000121080|ENSMUST00000124096|ENSMUST00000122054|ENSMUST00000127091|ENSMUST00000148675	NM_010207|NM_001347638|NM_201601	FGFR2		DOWN, ttest: 0.00480427777243019
316	Pde1b	2_astrocytes_dex_down	michor-cells-dex	ENSMUSG00000022489	ENSMUST00000227925|ENSMUST00000226468|ENSMUST00000023132|ENSMUST00000227955|ENSMUST00000226493	NM_008800|NM_001357980|NM_001285890	PDE1B		DOWN, ttest: 0.00496715346268153
317	Tnfaip2	2_astrocytes_dex_down	michor-cells-dex	ENSMUSG00000021281	ENSMUST00000127028|ENSMUST00000156003|ENSMUST00000172783|ENSMUST00000102745|ENSMUST00000109792|ENSMUST00000174692|ENSMUST00000174298|ENSMUST00000129467|ENSMUST00000133865|ENSMUST00000127207|ENSMUST00000173581	NM_009396	TNFAIP2		DOWN, ttest: 0.00498753820281435
318	2310045L10Rik	2_astrocytes_dex_down	michor-cells-dex	ENSMUSG00000020541	ENSMUST00000127034|ENSMUST00000107868|ENSMUST00000147329|ENSMUST00000107869|ENSMUST00000020849|ENSMUST00000107867|ENSMUST00000154599|ENSMUST00000131055	NM_001357543|NM_001357544|NM_028011|NM_001357547	TOM1L1		DOWN, ttest: 0.00512401062535157
319	Tgfb1	2_astrocytes_dex_down	michor-cells-dex	ENSMUSG00000002603	ENSMUST00000002678|ENSMUST00000171757|ENSMUST00000206348|ENSMUST00000206584|ENSMUST00000169009	NM_011577	TGFB1		DOWN, ttest: 0.005510068594414431
320	Irg1	2_astrocytes_dex_down	michor-cells-dex	ENSMUSG00000022126	ENSMUST00000022722	NM_008392	ACOD1		DOWN, ttest: 0.005794799165745121
321	Upp1	2_astrocytes_dex_down	michor-cells-dex	ENSMUSG00000020407	ENSMUST00000170444|ENSMUST00000130522|ENSMUST00000101525|ENSMUST00000166455|ENSMUST00000164791|ENSMUST00000020677|ENSMUST00000146696|ENSMUST00000168121|ENSMUST00000172452	NM_009477|NM_001159402|NM_001159401	UPP1		DOWN, ttest: 0.005977984796391321
322	Bcl2a1c	2_astrocytes_dex_down	michor-cells-dex	ENSMUSG00000053820	ENSMUST00000066460	NM_007535	BCL2A1		DOWN, ttest: 0.006058892970171099
323	5033414K04Rik	2_astrocytes_dex_down	michor-cells-dex	ENSMUSG00000045658	ENSMUST00000187992|ENSMUST00000168574|ENSMUST00000176720|ENSMUST00000175948|ENSMUST00000177458|ENSMUST00000175996|ENSMUST00000176822|ENSMUST00000176559	NM_001003948	PID1		DOWN, ttest: 0.00630670445535367
324	Chst3	2_astrocytes_dex_down	michor-cells-dex	ENSMUSG00000057337	ENSMUST00000068690|ENSMUST00000167915	NM_016803|NM_001407025	CHST3		DOWN, ttest: 0.006472130999297381
325	Cbx8	2_astrocytes_dex_down	michor-cells-dex	ENSMUSG00000025578	ENSMUST00000143831|ENSMUST00000026663|ENSMUST00000128019	NM_013926	CBX8		DOWN, ttest: 0.006532791807600771
326	scl0002255.1_1	2_astrocytes_dex_down	michor-cells-dex						DOWN, ttest: 0.00670938567589487
327	Cdca7	2_astrocytes_dex_down	michor-cells-dex	ENSMUSG00000055612	ENSMUST00000157019|ENSMUST00000137880|ENSMUST00000102691|ENSMUST00000127344|ENSMUST00000130730	NM_025866	CDCA7		DOWN, ttest: 0.006715401850672271
328	Gbp6	2_astrocytes_dex_down	michor-cells-dex	ENSMUSG00000104713	ENSMUST00000200045|ENSMUST00000196520|ENSMUST00000199944	NM_194336	GBP6		DOWN, ttest: 0.00676066170373712
329	Spon2	2_astrocytes_dex_down	michor-cells-dex	ENSMUSG00000037379	ENSMUST00000046186|ENSMUST00000201199|ENSMUST00000200884|ENSMUST00000201475|ENSMUST00000201175	NM_133903	SPON2		DOWN, ttest: 0.00710817846804802
330	Irg1	2_astrocytes_dex_down	michor-cells-dex	ENSMUSG00000022126	ENSMUST00000022722	NM_008392	ACOD1		DOWN, ttest: 0.007215753027529911
331	5430435G22Rik	2_astrocytes_dex_down	michor-cells-dex	ENSMUSG00000052688	ENSMUST00000136247|ENSMUST00000064679|ENSMUST00000129905|ENSMUST00000130848|ENSMUST00000064664	NM_001311096|NM_145509	RAB7B		DOWN, ttest: 0.00729630947482937
332	Klhdc8b	2_astrocytes_dex_down	michor-cells-dex	ENSMUSG00000032609	ENSMUST00000192196|ENSMUST00000193895|ENSMUST00000193286|ENSMUST00000194559|ENSMUST00000194633|ENSMUST00000035232|ENSMUST00000193911|ENSMUST00000192160|ENSMUST00000193331|ENSMUST00000192245|ENSMUST00000195869|ENSMUST00000193618|ENSMUST00000193159|ENSMUST00000192210|ENSMUST00000195435	NM_030075|NM_001359428	KLHDC8B		DOWN, ttest: 0.007558989731597461
333	Cbr3	2_astrocytes_dex_down	michor-cells-dex	ENSMUSG00000022947	ENSMUST00000039620|ENSMUST00000231302	NM_173047	CBR3		DOWN, ttest: 0.007592001294844831
334	Naprt1	2_astrocytes_dex_down	michor-cells-dex	ENSMUSG00000022574	ENSMUST00000230259|ENSMUST00000230739|ENSMUST00000023237|ENSMUST00000229571	NM_172607	NAPRT		DOWN, ttest: 0.00780505708314989
335	Tnfaip2	2_astrocytes_dex_down	michor-cells-dex	ENSMUSG00000021281	ENSMUST00000127028|ENSMUST00000156003|ENSMUST00000172783|ENSMUST00000102745|ENSMUST00000109792|ENSMUST00000174692|ENSMUST00000174298|ENSMUST00000129467|ENSMUST00000133865|ENSMUST00000127207|ENSMUST00000173581	NM_009396	TNFAIP2		DOWN, ttest: 0.00825333823788771
336	Slc40a1	2_astrocytes_dex_down	michor-cells-dex	ENSMUSG00000025993	ENSMUST00000188252|ENSMUST00000186822|ENSMUST00000186804|ENSMUST00000191247|ENSMUST00000187420|ENSMUST00000027137|ENSMUST00000187406|ENSMUST00000186755	NM_016917	SLC40A1		DOWN, ttest: 0.00844563206297403
337	Inppl1	2_astrocytes_dex_down	michor-cells-dex	ENSMUSG00000032737	ENSMUST00000035836|ENSMUST00000210116|ENSMUST00000186316|ENSMUST00000209481|ENSMUST00000185929|ENSMUST00000209861|ENSMUST00000211436|ENSMUST00000211514|ENSMUST00000165052	NM_001122739|NM_010567	INPPL1		DOWN, ttest: 0.00931169329871249
338	Olfml1	2_astrocytes_dex_down	michor-cells-dex	ENSMUSG00000051041	ENSMUST00000120990|ENSMUST00000239087	NM_172907	OLFML1		DOWN, ttest: 0.009478002506880981
339	Ddit3	2_astrocytes_dex_down	michor-cells-dex	ENSMUSG00000025408|ENSMUSG00000116429	ENSMUST00000139091|ENSMUST00000026475|ENSMUST00000134686|ENSMUST00000230446	NM_001290183|NM_007837	DDIT3		DOWN, ttest: 0.00979412232314969
340	Hpgd	2_astrocytes_dex_down	michor-cells-dex	ENSMUSG00000031613	ENSMUST00000034026	NM_008278	HPGD		DOWN, ttest: 0.009803024243753311
341	Srxn1	2_astrocytes_dex_down	michor-cells-dex	ENSMUSG00000032802	ENSMUST00000128882|ENSMUST00000041500|ENSMUST00000137751	NM_029688	SRXN1		DOWN, ttest: 0.00998645862138549
342	Gas2l3	2_astrocytes_dex_down	michor-cells-dex	ENSMUSG00000074802	ENSMUST00000218764|ENSMUST00000099374|ENSMUST00000219351|ENSMUST00000220071|ENSMUST00000105298|ENSMUST00000219073|ENSMUST00000220128|ENSMUST00000220234	NM_001284344|NM_001079876|NM_001033331	GAS2L3		DOWN, ttest: 0.0104200946192898
343	Ankrd6	2_astrocytes_dex_down	michor-cells-dex	ENSMUSG00000040183	ENSMUST00000084748|ENSMUST00000035719|ENSMUST00000084750|ENSMUST00000140837|ENSMUST00000149650|ENSMUST00000084749|ENSMUST00000128496|ENSMUST00000108166	NM_080471|NM_001012451|NM_001355587|NM_001012450	ANKRD6		DOWN, ttest: 0.0106395558861408
344	Nrp1	2_astrocytes_dex_down	michor-cells-dex	ENSMUSG00000025810	ENSMUST00000212746|ENSMUST00000212933|ENSMUST00000212833|ENSMUST00000026917	NM_001358959|NM_001358960|NM_008737	NRP1		DOWN, ttest: 0.0124658167633584
345	Cyth4	2_astrocytes_dex_down	michor-cells-dex	ENSMUSG00000018008	ENSMUST00000230705|ENSMUST00000229295|ENSMUST00000229248|ENSMUST00000230041|ENSMUST00000043069|ENSMUST00000230583|ENSMUST00000231180|ENSMUST00000229717|ENSMUST00000229233|ENSMUST00000229256|ENSMUST00000231176|ENSMUST00000229796|ENSMUST00000231168	NM_028195	CYTH4		DOWN, ttest: 0.013084557407528
346	D630003M21Rik	2_astrocytes_dex_down	michor-cells-dex	ENSMUSG00000037813	ENSMUST00000103121|ENSMUST00000046944|ENSMUST00000169335	NM_177657|NM_001131021	KIAA1755		DOWN, ttest: 0.0131153435326467
347	Upp1	2_astrocytes_dex_down	michor-cells-dex	ENSMUSG00000020407	ENSMUST00000170444|ENSMUST00000130522|ENSMUST00000101525|ENSMUST00000166455|ENSMUST00000164791|ENSMUST00000020677|ENSMUST00000146696|ENSMUST00000168121|ENSMUST00000172452	NM_009477|NM_001159402|NM_001159401	UPP1		DOWN, ttest: 0.0135450256473023
348	Tnfrsf19	2_astrocytes_dex_down	michor-cells-dex	ENSMUSG00000060548	ENSMUST00000224371|ENSMUST00000225730|ENSMUST00000111234|ENSMUST00000225501|ENSMUST00000111236	NM_013869|NM_001164155	TNFRSF19		DOWN, ttest: 0.013608541292364
349	Apcdd1	2_astrocytes_dex_down	michor-cells-dex	ENSMUSG00000071847	ENSMUST00000163716|ENSMUST00000236605|ENSMUST00000236135|ENSMUST00000096554|ENSMUST00000237428	NM_133237	APCDD1		DOWN, ttest: 0.0153947332088728
350	Tst	2_astrocytes_dex_down	michor-cells-dex	ENSMUSG00000044986	ENSMUST00000058659|ENSMUST00000231525	NM_009437	TST		DOWN, ttest: 0.0154599757346864
351	Acn9	2_astrocytes_dex_down	michor-cells-dex	ENSMUSG00000042505	ENSMUST00000123848|ENSMUST00000040826	NM_001077713	SDHAF3		DOWN, ttest: 0.0155938340071815
352	Tmem53	2_astrocytes_dex_down	michor-cells-dex	ENSMUSG00000048772	ENSMUST00000062824|ENSMUST00000106434|ENSMUST00000145836|ENSMUST00000125943|ENSMUST00000154449|ENSMUST00000106433	NM_029589|NM_001285816|NM_001285815|NM_026837|NM_001285814|NM_001285812	TMEM53		DOWN, ttest: 0.015615511925231
353	Blnk	2_astrocytes_dex_down	michor-cells-dex	ENSMUSG00000061132	ENSMUST00000054769|ENSMUST00000117695|ENSMUST00000134568	NM_001365054|NM_008528	BLNK		DOWN, ttest: 0.0156326574011454
354	Naprt1	2_astrocytes_dex_down	michor-cells-dex	ENSMUSG00000022574	ENSMUST00000230259|ENSMUST00000230739|ENSMUST00000023237|ENSMUST00000229571	NM_172607	NAPRT		DOWN, ttest: 0.0158405984323523
355	Ppp1r3b	2_astrocytes_dex_down	michor-cells-dex	ENSMUSG00000046794	ENSMUST00000211472|ENSMUST00000210337|ENSMUST00000211648|ENSMUST00000070481	NM_177741|NM_001364452|NM_001364450|NM_001364451	PPP1R3B		DOWN, ttest: 0.0161496887171477
356	Slc24a6	2_astrocytes_dex_down	michor-cells-dex	ENSMUSG00000032754	ENSMUST00000111890|ENSMUST00000140329|ENSMUST00000123326|ENSMUST00000076051|ENSMUST00000068326|ENSMUST00000147496|ENSMUST00000111889	NM_133221|NM_001177594|NM_001177595	SLC8B1		DOWN, ttest: 0.0166400318864208
357	Nrarp	2_astrocytes_dex_down	michor-cells-dex	ENSMUSG00000078202	ENSMUST00000104999	NM_025980	NRARP		DOWN, ttest: 0.0167040048982929
358	Tnfrsf13b	2_astrocytes_dex_down	michor-cells-dex	ENSMUSG00000010142	ENSMUST00000130708|ENSMUST00000146033|ENSMUST00000123378|ENSMUST00000137832|ENSMUST00000010286|ENSMUST00000101103|ENSMUST00000139422	NM_021349	TNFRSF13B		DOWN, ttest: 0.0191916022096059
359	Fcgr1	2_astrocytes_dex_down	michor-cells-dex	ENSMUSG00000015947	ENSMUST00000200420|ENSMUST00000029748	NM_010186	FCGR1A		DOWN, ttest: 0.0207617494766965
360	Gp38	2_astrocytes_dex_down	michor-cells-dex	ENSMUSG00000028583	ENSMUST00000119654|ENSMUST00000030317	NM_010329|NM_001290822	PDPN		DOWN, ttest: 0.0213766564856811
361	Mfsd7c	2_astrocytes_dex_down	michor-cells-dex	ENSMUSG00000034258	ENSMUST00000040461|ENSMUST00000221585	NM_145447	FLVCR2		DOWN, ttest: 0.0250780406770127
362	Rasa3	2_astrocytes_dex_down	michor-cells-dex	ENSMUSG00000031453	ENSMUST00000127418|ENSMUST00000137822|ENSMUST00000132637|ENSMUST00000132439|ENSMUST00000154454|ENSMUST00000117551	NM_009025	RASA3		DOWN, ttest: 0.0276246181274303
363	Fam13c	2_astrocytes_dex_down	michor-cells-dex	ENSMUSG00000043259	ENSMUST00000105436|ENSMUST00000219514|ENSMUST00000173042|ENSMUST00000218542|ENSMUST00000220159|ENSMUST00000062883|ENSMUST00000220442	NM_001143777|NM_001143776|NM_024244|NM_001359551	FAM13C		DOWN, ttest: 0.03710813033377
364	Spata3	2_astrocytes_dex_down	michor-cells-dex	ENSMUSG00000026226	ENSMUST00000129169|ENSMUST00000113344|ENSMUST00000149469|ENSMUST00000131151|ENSMUST00000135440|ENSMUST00000152501|ENSMUST00000153247|ENSMUST00000052854|ENSMUST00000130504|ENSMUST00000159876|ENSMUST00000125083	NM_001122732|NM_001379365|NM_027029|NM_028647|NM_027300	SPATA3		DOWN, ttest: 0.0372656497688073
365	Rgs1	2_astrocytes_dex_down	michor-cells-dex	ENSMUSG00000026358	ENSMUST00000169409|ENSMUST00000189061|ENSMUST00000185714|ENSMUST00000167317|ENSMUST00000169042|ENSMUST00000172388|ENSMUST00000167812|ENSMUST00000170870|ENSMUST00000189916	NM_015811	RGS1		DOWN, ttest: 0.0426951002563142
366	4933421H10Rik	2_astrocytes_dex_down	michor-cells-dex	ENSMUSG00000032232	ENSMUST00000122065|ENSMUST00000152224|ENSMUST00000072899|ENSMUST00000146567|ENSMUST00000136044|ENSMUST00000121322	NM_001304362|NM_026599|NM_001407857	CGNL1		DOWN, ttest: 0.0511989143495276
367	2310005P05Rik	2_astrocytes_dex_down	michor-cells-dex	ENSMUSG00000036611	ENSMUST00000156237|ENSMUST00000040677	NM_026189	EEPD1		DOWN, ttest: 0.0586601027387258
368	Hook1	2_astrocytes_dex_down	michor-cells-dex	ENSMUSG00000028572	ENSMUST00000125584|ENSMUST00000107083|ENSMUST00000148291|ENSMUST00000146947|ENSMUST00000124202|ENSMUST00000125627|ENSMUST00000141448|ENSMUST00000143326|ENSMUST00000156910|ENSMUST00000030306|ENSMUST00000140128	NM_030014	HOOK1		DOWN, ttest: 0.0650102663673907
369	Hvcn1	2_astrocytes_dex_down	michor-cells-dex	ENSMUSG00000064267	ENSMUST00000196187|ENSMUST00000100747|ENSMUST00000145854|ENSMUST00000143560|ENSMUST00000072602	NM_028752|NM_001042489|NM_001359454	HVCN1		DOWN, ttest: 0.0652275443990019
370	Cd28	2_astrocytes_dex_down	michor-cells-dex	ENSMUSG00000026012	ENSMUST00000153207|ENSMUST00000132833|ENSMUST00000027165	NM_007642	CD28		DOWN, ttest: 0.07313040105189089
371	Slc38a3	2_astrocytes_dex_down	michor-cells-dex	ENSMUSG00000010064	ENSMUST00000195843|ENSMUST00000195739|ENSMUST00000010208|ENSMUST00000191923|ENSMUST00000193495|ENSMUST00000194230|ENSMUST00000192990|ENSMUST00000177567|ENSMUST00000194895|ENSMUST00000192211|ENSMUST00000193932|ENSMUST00000192323|ENSMUST00000195033|ENSMUST00000167868	NM_023805|NM_001199217|NM_001199218	SLC38A3		DOWN, ttest: 0.0808906371354023
